name,SALE,price(Rub),available_sizes(EU),img,link
Travis Scott x Air Jordan 1 Low Olive,NO,109900 - 154900,"35.5, 36, 36.5, 37.5, 38, 38.5, 39, 40, 40.5, 41, 42, 42.5, 43, 44, 44.5, 45, 45.5, 46",https://kicksmania.ru/wp-content/uploads/2023/04/olive-main-730x438.jpg,https://kicksmania.ru/product/travis-scott-x-air-jordan-1-low-olive/
Travis Scott x Air Jordan 1 Low Golf Natural Olive,NO,159900 - 169900,"40, 41, 42, 43, 44, 45, 46",https://kicksmania.ru/wp-content/uploads/2023/10/1-730x438.png,https://kicksmania.ru/product/travis-scott-x-air-jordan-1-low-golf-natural-olive/
Travis Scott x Air Jordan 1 Low Reverse Mocha,NO,168900 - 209900,"37.5, 39, 40, 40.5, 41, 42, 42.5, 46",https://kicksmania.ru/wp-content/uploads/2022/07/jordan-1-retro-low-og-sp-travis-scott-reverse-mocha-768x461.jpg,https://kicksmania.ru/product/jordan-1-retro-low-og-sp-travis-scott-reverse-mocha/
Jacquemus x J Force 1 Low White,NO,31120 - 40410,"35.5, 36, 36.5, 37.5, 38, 38.5, 39, 40, 40.5, 41, 42, 42.5, 43, 44, 44.5, 45, 45.5, 46, 47, 47.5, 48.5, 49",https://kicksmania.ru/wp-content/uploads/2023/07/jjw-main-730x438.png,https://kicksmania.ru/product/nike-j-force-1-low-lx-jacquemus-white/
Jacquemus x J Force 1 Low Black,NO,32900 - 44900,"36.5, 37.5, 38, 38.5, 39, 40, 40.5, 41, 42, 42.5, 43, 44, 44.5, 45",https://kicksmania.ru/wp-content/uploads/2023/07/jjb-main-730x438.png,https://kicksmania.ru/product/nike-j-force-1-low-lx-jacquemus-black/
Tiffany & CO x Air Force 1 Low,NO,254900 - 269900,"37.5, 43",https://kicksmania.ru/wp-content/uploads/2023/03/tiffani-main-730x438.jpg,https://kicksmania.ru/product/tiffany-co-x-air-force-1-low/
Air Jordan 1 Retro Low OG NC to Chi,NO,32900,"36.5, 37.5, 38, 39, 40, 40.5, 41",https://kicksmania.ru/wp-content/uploads/2023/11/chimain-730x438.png,https://kicksmania.ru/product/air-jordan-1-retro-low-og-nc-to-chi/
Nike Dunk Low Barbie,NO,34900,"35.5, 36, 36.5, 37.5, 38, 38.5, 39, 40, 40.5, 41, 42, 42.5, 43, 44, 44.5",https://kicksmania.ru/wp-content/uploads/2023/09/mainbarbie-730x438.png,https://kicksmania.ru/product/nike-dunk-low-lx-barbie/
Adidas Originals Samba Beige,NO,28900,"36, 36 2/3, 37 1/3, 38, 38 2/3, 39 1/3, 40, 40 2/3, 41 1/3, 42, 42 2/3, 43 1/3, 44, 44 2/3, 45 1/3, 46, 46 2/3, 47 1/3, 48, 49 1/3, 50 2/3",https://kicksmania.ru/wp-content/uploads/2023/10/sambabmain-730x438.png,https://kicksmania.ru/product/adidas-originals-samba-beige/
Adidas Originals Samba Green,NO,26900,39 1/3,https://kicksmania.ru/wp-content/uploads/2023/10/sambagreenmain-730x438.png,https://kicksmania.ru/product/adidas-originals-samba-green/
Adidas Originals Samba White Core Black,NO,25900,"37 1/3, 38",https://kicksmania.ru/wp-content/uploads/2023/10/sambabwmain-730x438.png,https://kicksmania.ru/product/adidas-originals-samba-white-core-black/
Sporty & Rich x Adidas Samba OG Cream Blue,NO,35900 - 48900,"40, 40 2/3, 42, 42 2/3, 43 1/3, 44, 44 2/3, 45 1/3",https://kicksmania.ru/wp-content/uploads/2023/06/cream-main-730x438.jpg,https://kicksmania.ru/product/adidas-samba-og-sporty-rich-cream-blue/
Sporty & Rich x Adidas Samba OG White Black,NO,36000 - 44900,"39 1/3, 40, 41 1/3, 42, 42 2/3, 43 1/3, 44, 44 2/3, 45 1/3",https://kicksmania.ru/wp-content/uploads/2023/06/bw-main-730x438.jpg,https://kicksmania.ru/product/adidas-samba-og-sporty-rich-white-black/
Sporty & Rich x Adidas Samba White Bold Gold,NO,39900,"38, 38 2/3",https://kicksmania.ru/wp-content/uploads/2023/11/adidasboldgoldmain-730x438.png,https://kicksmania.ru/product/sporty-rich-x-adidas-samba-white-bold-gold/
Yeezy Boost 350 V2 Core Black Red Kids,NO,57900,28,https://kicksmania.ru/wp-content/uploads/2023/12/ylbkikmain-730x438.png,https://kicksmania.ru/product/yeezy-boost-350-v2-core-black-red-kids/
Yeezy Boost 350 V2 Light Kids,NO,62900,"28, 35",https://kicksmania.ru/wp-content/uploads/2023/12/ylbkmain-730x438.png,https://kicksmania.ru/product/yeezy-boost-350-v2-light-kids/
Yeezy Slide Glow Green Infants,NO,24900,"19, 21, 23",https://kicksmania.ru/wp-content/uploads/2023/12/slidegreenkidsmain-730x438.png,https://kicksmania.ru/product/yeezy-slide-glow-green-infants/
Sporty & Rich x Adidas Samba OG,NO,35900 - 40900,"38, 39 1/3, 40, 41 1/3, 42, 42 2/3, 43 1/3, 44, 44 2/3, 45 1/3, 46",https://kicksmania.ru/wp-content/uploads/2023/06/samba-main-730x438.jpg,https://kicksmania.ru/product/adidas-samba-og-sporty-rich-blue-rush/
Nike Dunk Low x CLOT x Fragment White,NO,78900 - 89900,"38, 42, 43, 44",https://kicksmania.ru/wp-content/uploads/2023/07/clotf-main-730x438.jpg,https://kicksmania.ru/product/nike-dunk-low-x-clot-x-fragment-white/
Nike Dunk Low Light Orewood,YES,36900 - 31365,"37.5, 38, 38.5, 39, 40, 40.5",https://kicksmania.ru/wp-content/uploads/2023/07/bezh-main-730x438.jpg,https://kicksmania.ru/product/nike-dunk-low-next-nature-white-light-orewood-brown/
Air Jordan 1 Retro High White Cement,NO,29900 - 42900,"37.5, 38, 38.5, 39, 40, 40.5, 42, 43, 44, 45, 45.5, 46, 47.5",https://kicksmania.ru/wp-content/uploads/2023/04/cement-main-730x438.jpg,https://kicksmania.ru/product/air-jordan-1-retro-high-og-white-cement/
Concepts x Nike SB Dunk Low Orange Lobster Special Box,NO,119900,"40, 41, 42, 43, 44",https://kicksmania.ru/wp-content/uploads/2023/07/lobolbox-main1-730x438.png,https://kicksmania.ru/product/concepts-x-nike-sb-dunk-low-orange-lobster-special-box/
Travis Scott x Air Jordan 1 Low Black Phantom,NO,89900 - 119700,"37.5, 38, 38.5, 39, 40, 40.5, 41, 42, 42.5, 43, 44, 44.5, 45, 45.5, 46, 47.5",https://kicksmania.ru/wp-content/uploads/2022/12/air-jordan-1-low-x-travis-scott-black-phantom-730x438.jpg,https://kicksmania.ru/product/travis-scott-x-air-jordan-1-low-black-phantom/
Air Jordan 1 Retro High OG «Palomino»,NO,47900,"42, 42.5, 43, 45, 46",https://kicksmania.ru/wp-content/uploads/2023/09/mainjpal-730x438.png,https://kicksmania.ru/product/air-jordan-1-retro-high-og-palomino/
Air Ship Every Game,NO,29900,"37.5, 38, 42, 43, 45, 46",https://kicksmania.ru/wp-content/uploads/2023/11/jegmain-730x438.png,https://kicksmania.ru/product/air-ship-every-game/
Air Ship Every Game Dune Red,NO,29900,"38, 38.5, 39, 40, 40.5, 41, 42, 43, 44, 45, 46",https://kicksmania.ru/wp-content/uploads/2023/11/airshipmain1-730x438.png,https://kicksmania.ru/product/air-ship-every-game-dune-red/
Air Ship White Grey,NO,29900,"37.5, 38, 38.5, 39, 40, 40.5, 42, 43, 44, 44.5, 45, 45.5, 46",https://kicksmania.ru/wp-content/uploads/2023/11/jgreymain-730x438.png,https://kicksmania.ru/product/air-ship-white-grey/
Born x Raised x Nike SB Dunk Low,NO,104900,41,https://kicksmania.ru/wp-content/uploads/2023/11/bornmain-730x438.png,https://kicksmania.ru/product/born-x-raised-x-nike-sb-dunk-low/
Clot x Air Jordan 1 Mid Fearless Edison Silk,NO,69900,43,https://kicksmania.ru/wp-content/uploads/2023/11/jordanclotmain-730x438.png,https://kicksmania.ru/product/clot-x-air-jordan-1-mid-fearless-edison-silk/
Clot x Dunk Low Cork,NO,59900,40,https://kicksmania.ru/wp-content/uploads/2023/11/corkmain-730x438.png,https://kicksmania.ru/product/clot-x-dunk-low-cork/
Clot x Fragment x Nike Air Force Black Red,NO,74900,42.5,https://kicksmania.ru/wp-content/uploads/2023/11/clotforcemain-730x438.png,https://kicksmania.ru/product/clot-x-fragment-x-nike-air-force-black-red/
Dunk Low SB Orange Emerald Rise,NO,34900,"40, 40.5, 41, 42, 42.5, 43, 44, 44.5, 45.5, 46",https://kicksmania.ru/wp-content/uploads/2023/11/emeraldmain-730x438.png,https://kicksmania.ru/product/dunk-low-sb-orange-emerald-rise/
Dunk SB Low Court Purple,NO,72900,45.5,https://kicksmania.ru/wp-content/uploads/2023/11/prplmain-730x438.png,https://kicksmania.ru/product/dunk-sb-low-court-purple/
Dunk SB Low Mystic Red Rosewood,NO,34900,"37.5, 40.5, 41, 42, 43",https://kicksmania.ru/wp-content/uploads/2023/11/r0sewoodmain-730x438.png,https://kicksmania.ru/product/dunk-sb-low-mystic-red-rosewood/
Dunk SB Low Sean Cliver,NO,119900,44,https://kicksmania.ru/wp-content/uploads/2023/11/seanmain-730x438.png,https://kicksmania.ru/product/dunk-sb-low-sean-cliver/
Facetasm x Air Jordan 1 Mid Fearless,NO,72900,43,https://kicksmania.ru/wp-content/uploads/2023/11/jordmain-730x438.png,https://kicksmania.ru/product/facetasm-x-air-jordan-1-mid-fearless/
Nike SB Dunk High Sweet Tooth Candy Corn,NO,32900,"42, 43, 44.5",https://kicksmania.ru/wp-content/uploads/2023/11/sweetmain-730x438.png,https://kicksmania.ru/product/nike-sb-dunk-high-sweet-tooth-candy-corn/
Nike SB Dunk Low Pro ISO Court Purple,NO,32900,"39, 40.5, 41, 43",https://kicksmania.ru/wp-content/uploads/2023/11/isomain-730x438.png,https://kicksmania.ru/product/nike-sb-dunk-low-pro-iso-court-purple/
Air Jordan 1 Retro High Spider-Verse,NO,43200 - 49400,"36, 36.5, 37.5, 38, 38.5, 39, 40, 40.5, 41, 42, 42.5, 43, 44, 44.5, 45, 45.5, 46, 47, 47.5, 48, 48.5, 49, 49.5",https://kicksmania.ru/wp-content/uploads/2023/05/spide-main-730x438.jpg,https://kicksmania.ru/product/air-jordan-1-retro-high-og-spide-verse/
Air Jordan 4 Retro «Military Black»,NO,89900,"41, 42, 42.5, 43, 44, 44.5, 45, 45.5, 46, 47.5",https://kicksmania.ru/wp-content/uploads/2023/09/mainj4m-730x438.png,https://kicksmania.ru/product/air-jordan-4-retro-military-black/
Air Jordan 1 High Element GORE-TEX Black Olive,NO,39900,"41, 42.5, 45.5, 46",https://kicksmania.ru/wp-content/uploads/2023/11/elementmain-730x438.png,https://kicksmania.ru/product/air-jordan-1-high-element-gore-tex-black-olive/
Air Jordan 1 High Element GORE-TEX Sky J Purple,NO,39900,"41, 42, 44, 44.5, 45, 45.5",https://kicksmania.ru/wp-content/uploads/2023/12/skyjpmain-730x438.png,https://kicksmania.ru/product/air-jordan-1-high-element-gore-tex-sky-j-purple/
Air Jordan 1 Low 85 Neutral Grey,NO,34900,"40.5, 42.5, 43, 44, 44.5, 46",https://kicksmania.ru/wp-content/uploads/2023/11/jordanngmain-730x438.png,https://kicksmania.ru/product/air-jordan-1-low-85-neutral-grey/
Air Jordan 1 Low Concord,NO,37900,"38.5, 40, 40.5, 42, 43, 44.5, 45",https://kicksmania.ru/wp-content/uploads/2023/10/concordmain-730x438.png,https://kicksmania.ru/product/air-jordan-1-low-concord/
Air Jordan 1 Mid Schematic Kids,NO,27900,"29.5, 31",https://kicksmania.ru/wp-content/uploads/2023/12/jcartmain-730x438.png,https://kicksmania.ru/product/air-jordan-1-mid-schematic-kids/
Air Jordan 1 Retro High Legends Of Summer Black 3M,NO,2190000,43,https://kicksmania.ru/wp-content/uploads/2023/12/jordanexpmain-730x438.png,https://kicksmania.ru/product/air-jordan-1-retro-high-legends-of-summer-black-3m/
Air Jordan 1 Retro High Lucky Green Black,NO,32900 - 35900,"38, 44, 44.5, 46",https://kicksmania.ru/wp-content/uploads/2023/11/luckymain-730x438.png,https://kicksmania.ru/product/air-jordan-1-retro-high-lucky-green-black/
Air Jordan 1 Retro High OG Chicago Lost and Found Kids,NO,29900 - 33900,"22, 32, 33.5",https://kicksmania.ru/wp-content/uploads/2023/12/lofkmain-730x438.png,https://kicksmania.ru/product/air-jordan-1-retro-high-og-chicago-lost-and-found-kids/
Air Jordan 1 Retro High OG Royal Reimagined,NO,44900,"35.5, 36, 36.5, 37.5, 38, 38.5, 39, 40, 40.5, 41, 42, 42.5, 43, 44, 44.5, 45, 45.5, 46, 47, 47.5, 48.5, 49.5, 50.5, 51.5, 52.5",https://kicksmania.ru/wp-content/uploads/2023/11/ajremain-730x438.png,https://kicksmania.ru/product/air-jordan-1-retro-high-og-royal-reimagined/
Air Jordan 1 Retro High OG Royal Reimagined Kids,NO,24900,"23.5, 26, 27, 33, 33.5, 34, 35",https://kicksmania.ru/wp-content/uploads/2023/11/remkidsmain-730x438.png,https://kicksmania.ru/product/air-jordan-1-retro-high-og-royal-reimagined-kids/
Air Jordan 1 Retro High Satin Bred Kids,NO,27900,"23.5, 25, 26, 27, 32, 33.5",https://kicksmania.ru/wp-content/uploads/2023/12/satinmain-730x438.png,https://kicksmania.ru/product/air-jordan-1-retro-high-satin-bred-kids/
Air Jordan 1 Retro High True Blue Kids,NO,28900,26,https://kicksmania.ru/wp-content/uploads/2023/12/jtbmain-730x438.png,https://kicksmania.ru/product/air-jordan-1-retro-high-true-blue-kids/
Air Jordan 1 Retro High UNC Toe Kids,NO,29900,"23.5, 25, 26, 27",https://kicksmania.ru/wp-content/uploads/2023/12/unckmain-730x438.png,https://kicksmania.ru/product/air-jordan-1-retro-high-unc-toe-kids/
Air Jordan 1 Retro High Washed Heritage,NO,31900 - 40900,"40, 41, 42, 45.5",https://kicksmania.ru/wp-content/uploads/2023/10/washedmain-730x438.png,https://kicksmania.ru/product/air-jordan-1-retro-high-washed-heritage/
Air Jordan 1 Retro High Washed Pink Kids,NO,30900,"17, 18.5, 19.5, 21, 22, 23.5, 25, 26, 27, 27.5, 28, 28.5, 29.5, 30, 31, 31.5, 32, 33, 33.5, 34, 35",https://kicksmania.ru/wp-content/uploads/2023/12/wpinkkmain-730x438.png,https://kicksmania.ru/product/air-jordan-1-retro-high-washed-pink-kids/
Air Jordan 1 Retro Low Travis Scott Black Phantom Kids,NO,36900,"22, 23.5, 25, 27, 29.5, 31, 32",https://kicksmania.ru/wp-content/uploads/2023/12/tsphkidsmain-730x438.png,https://kicksmania.ru/product/air-jordan-1-retro-low-travis-scott-black-phantom-kids/
Air Jordan 4 Retro Craft Medium Olive,NO,47900,"38, 38.5, 39, 40, 40.5, 41, 42, 45, 45.5, 46, 47, 47.5",https://kicksmania.ru/wp-content/uploads/2023/12/4olivemain1-730x438.png,https://kicksmania.ru/product/air-jordan-4-retro-craft-medium-olive/
Air Jordan 4 Retro Military Black Kids,NO,27900,27,https://kicksmania.ru/wp-content/uploads/2023/12/4mbmain-730x438.png,https://kicksmania.ru/product/air-jordan-4-retro-military-black-kids/
Air Jordan 4 Retro SB Pine Green,NO,64900 - 142900,"40, 40.5, 41, 42, 42.5, 43, 44, 44.5, 45.5, 46, 47.5",https://kicksmania.ru/wp-content/uploads/2023/11/pinegmain-730x438.png,https://kicksmania.ru/product/air-jordan-4-retro-sb-pine-green/
Air Jordan 4 Retro University Blue Kids,NO,34900,"31, 32",https://kicksmania.ru/wp-content/uploads/2023/12/4rubmain-730x438.png,https://kicksmania.ru/product/air-jordan-4-retro-university-blue-kids/
Air Jordan 6 Retro UNC White Kids,NO,24900,25,https://kicksmania.ru/wp-content/uploads/2023/12/6uncmain-730x438.png,https://kicksmania.ru/product/air-jordan-6-retro-unc-white-kids/
Nike Air Max 1 Travis Scott Cactus Jack Brown Kids,NO,32900,22,https://kicksmania.ru/wp-content/uploads/2023/12/ccjackkidsmain-730x438.png,https://kicksmania.ru/product/nike-air-max-1-travis-scott-cactus-jack-brown-kids/
Nike Dunk High Retro White Vast Grey Kids,NO,29900,28,https://kicksmania.ru/wp-content/uploads/2023/12/ndrmain-730x438.png,https://kicksmania.ru/product/nike-dunk-high-retro-white-vast-grey-kids/
Nike Dunk Low NBA 75th Anniversary Brooklyn Nets Kids,NO,32900,"25, 27",https://kicksmania.ru/wp-content/uploads/2023/12/nbadunkmain-730x438.png,https://kicksmania.ru/product/nike-dunk-low-nba-75th-anniversary-brooklyn-nets-kids/
Nike Dunk Low Retro White Black Panda Kids,NO,24900,"17, 18.5, 19.5, 21, 22, 23.5, 25, 26, 27, 27.5, 28, 28.5, 29.5, 30, 31, 31.5, 32, 33, 33.5, 34, 35",https://kicksmania.ru/wp-content/uploads/2023/12/bpkmain-730x438.png,https://kicksmania.ru/product/nike-dunk-low-retro-white-black-panda-kids/
Nike Dunk Low Two-Toned Grey Kids,NO,32900,"26, 27",https://kicksmania.ru/wp-content/uploads/2023/12/ttgmain-730x438.png,https://kicksmania.ru/product/nike-dunk-low-two-toned-grey-kids/
Onitsuka Tiger Mexico 66 Slip-on,NO,19900,"38, 40.5, 42",https://kicksmania.ru/wp-content/uploads/2023/11/otsomain-730x438.png,https://kicksmania.ru/product/onitsuka-tiger-mexico-66-slip-on/
Onitsuka Tiger Mexico 66 VIN 3 Colors,NO,22900,44,https://kicksmania.ru/wp-content/uploads/2023/11/otvinmain-730x438.png,https://kicksmania.ru/product/onitsuka-tiger-mexico-66-vin-3-colors/
Onitsuka Tiger Mexico 66 Yellow Black,NO,24900,"40, 42.5, 46",https://kicksmania.ru/wp-content/uploads/2023/11/ot66main-730x438.png,https://kicksmania.ru/product/onitsuka-tiger-mexico-66-yellow-black/
Union X BBS X Air Jordan 1 High OG “Summer ’96”,NO,59900,43,https://kicksmania.ru/wp-content/uploads/2023/09/mainbbs-730x438.png,https://kicksmania.ru/product/union-x-bbs-x-air-jordan-1-high-og-summer-96/
Yeezy Slide Enflame Orange Kids,NO,42900,27,https://kicksmania.ru/wp-content/uploads/2023/12/slidekidsomain-730x438.png,https://kicksmania.ru/product/yeezy-slide-enflame-orange-kids/
Air Jordan 1 Low Sashiko Multi-Color,NO,27900,"37.5, 38, 38.5, 39",https://kicksmania.ru/wp-content/uploads/2023/11/sashmain-730x438.png,https://kicksmania.ru/product/air-jordan-1-low-sashiko-multi-color/
Air Jordan 1 Mid Chenille Bleached Turquoise,NO,28900,"38, 39",https://kicksmania.ru/wp-content/uploads/2023/11/midaquamain-730x438.png,https://kicksmania.ru/product/air-jordan-1-mid-chenille-bleached-turquoise/
Air Jordan 1 Mid Sky J Light Purple Chenille,NO,29900,"36.5, 37.5, 38, 38.5",https://kicksmania.ru/wp-content/uploads/2023/11/jordanpurplemain-730x438.png,https://kicksmania.ru/product/air-jordan-1-mid-sky-j-light-purple-chenille/
Air Jordan 1 MM High Galactic Jade,NO,32900,"37.5, 38, 38.5",https://kicksmania.ru/wp-content/uploads/2023/11/jordanjademain-730x438.png,https://kicksmania.ru/product/air-jordan-1-mm-high-galactic-jade/
Air Jordan 1 Retro High Washed Pink,NO,34900,"35.5, 36, 36.5, 37.5, 38, 38.5, 39, 40",https://kicksmania.ru/wp-content/uploads/2023/04/pink-main-730x438.jpg,https://kicksmania.ru/product/air-jordan-1-retro-high-washed-pink/
Air Jordan 1 Zoom CMFT 2 UNC,NO,29900,"37.5, 38, 38.5, 39, 40",https://kicksmania.ru/wp-content/uploads/2023/11/cmftmain-730x438.png,https://kicksmania.ru/product/air-jordan-1-zoom-cmft-2-unc/
Air Jordan 1 Retro High OG Satin Bred 2023,NO,37900,"35.5, 36, 36.5, 37.5, 38, 38.5, 39, 40, 40.5, 41, 42, 42.5, 43, 44, 44.5",https://kicksmania.ru/wp-content/uploads/2023/11/bred23main-730x438.png,https://kicksmania.ru/product/air-jordan-1-retro-high-og-satin-bred-2023/
Air Jordan 4 Retro Starfish,NO,28900,"35.5, 36, 36.5, 37.5, 38, 39, 40",https://kicksmania.ru/wp-content/uploads/2023/10/4main-730x438.png,https://kicksmania.ru/product/air-jordan-4-retro-starfish/
A Ma Maniére x Air Jordan 4 Violet Ore,NO,88900 - 95900,"42.5, 44, 45.5",https://kicksmania.ru/wp-content/uploads/2022/12/a-ma-maniere-x-air-jordan-4-violet-ore-768x461.jpg,https://kicksmania.ru/product/a-ma-maniere-x-air-jordan-4-violet-ore/
Air Jordan 1 Retro High Lost and Found,NO,62900 - 71900,"38, 38.5, 39, 40, 40.5, 41, 42, 42.5, 43, 44, 45",https://kicksmania.ru/wp-content/uploads/2022/11/jordan-1-retro-high-lost-and-found-768x461.jpg,https://kicksmania.ru/product/jordan-1-retro-high-lost-and-found/
Air Jordan 1 Retro High Stealth,NO,32900 - 48900,"40.5, 44.5, 47.5",https://kicksmania.ru/wp-content/uploads/2022/11/jordan-1-retro-high-og-stealth-768x461.jpg,https://kicksmania.ru/product/air-jordan-1-retro-high-stealth/
Concepts X Dunk SB Orange Lobster,NO,83900 - 96900,"37.5, 38, 38.5, 39, 40, 40.5, 41, 42, 42.5, 43, 44, 44.5, 45, 45.5, 46",https://kicksmania.ru/wp-content/uploads/2022/12/concepts-x-nike-sb-dunk-low-orange-lobster-730x438.jpg,https://kicksmania.ru/product/concepts-x-dunk-sb-orange-lobster/
Jacquemus x Nike Air Humara Pink Flash,NO,44900 - 59900,"36.5, 37.5, 38, 38.5, 39, 40, 40.5, 41",https://kicksmania.ru/wp-content/uploads/2022/12/jacquemus-nike-air-humara-lx-22pink-flash22-730x438.jpg,https://kicksmania.ru/product/jacquemus-x-nike-air-humara-pink-flash/
Nike Air Force 1 Low Valentine’s Day,NO,30900 - 32900,"36, 37.5",https://kicksmania.ru/wp-content/uploads/2023/03/vd-main-730x438.jpg,https://kicksmania.ru/product/nike-air-force-1-low-valentines-day-2023/
Air Jordan 1 Retro High Starfish,NO,32900 - 37900,"36.5, 38, 38.5, 39, 40, 40.5, 42, 44.5",https://kicksmania.ru/wp-content/uploads/2022/10/thenextsole-jordan-1-retro-high-og-starfish-w-768x461.jpg,https://kicksmania.ru/product/air-jordan-1-retro-high-starfish/
Travis Scott x Air Jordan 1 Low Olive Kids,NO,37900,"21, 25, 27, 28.5, 31, 33, 33.5",https://kicksmania.ru/wp-content/uploads/2023/06/spider-kids-main-730x438.jpg,https://kicksmania.ru/product/travis-scott-x-air-jordan-1-low-olive-kids/
Air Jordan 4 Retro Canyon Purple,NO,47900,"42, 42.5",https://kicksmania.ru/wp-content/uploads/2022/08/jordan-4-canyon-purple-768x461.jpg,https://kicksmania.ru/product/air-jordan-4-canyon-purple/
DJ Khaled x Air Jordan 5 Crimson Bliss,NO,42500 - 44900,"36, 36.5, 37.5, 38, 38.5, 39, 40, 40.5, 41, 42, 42.5, 43, 44, 44.5, 45, 45.5, 46, 47, 47.5, 48.5, 49.5",https://kicksmania.ru/wp-content/uploads/2023/01/j5cbosn-730x438.jpg,https://kicksmania.ru/product/dj-khaled-x-air-jordan-5-crimson/
Adidas Originals Gazelle 85 Blue,NO,27900,40 2/3,https://kicksmania.ru/wp-content/uploads/2023/10/gazbluemain-730x438.png,https://kicksmania.ru/product/adidas-originals-gazelle-85-blue/
Adidas Originals Gazelle 85 Pink,NO,27900,38 2/3,https://kicksmania.ru/wp-content/uploads/2023/10/gazpinkmain-730x438.png,https://kicksmania.ru/product/adidas-originals-gazelle-85-pink/
Yeezy Boost 350 V2 Carbon Beluga,NO,44900,"37 1/3, 38, 38 2/3, 39 1/3, 40, 40 2/3, 41 1/3, 42, 42 2/3, 43 1/3, 44, 44 2/3, 45 1/3, 46, 46 2/3, 47 1/3",https://kicksmania.ru/wp-content/uploads/2023/07/beluga-main-730x438.png,https://kicksmania.ru/product/adidas-yeezy-boost-350-v2-carbon-beluga/
Air Jordan 1 Retro High Spider-Verse Kids,NO,31900,"18.5, 21, 22, 23.5, 25, 27, 35",https://kicksmania.ru/wp-content/uploads/2023/06/kids-main-730x438.jpg,https://kicksmania.ru/product/air-jordan-1-retro-high-spider-verse-kids/
Air Jordan 1 Low Aluminium,NO,39300,"35.5, 36, 36.5, 37.5, 38, 38.5, 39, 40, 40.5, 41, 42, 42.5, 43, 44, 44.5",https://kicksmania.ru/wp-content/uploads/2022/11/aj1-low-aluminium-768x461.jpg,https://kicksmania.ru/product/air-jordan-1-low-aluminium/
Dior x Jordan 1 High,NO,1190000 - 1449300,"41, 42",https://kicksmania.ru/wp-content/uploads/2021/04/dior-x-jordan-high-768x461.png,https://kicksmania.ru/product/dior-x-jordan-1-high/
Air Jordan 1 Retro High Taxi,NO,32900 - 47900,"36.5, 37.5, 38, 39, 41, 42.5, 43, 44, 44.5, 46, 47.5",https://kicksmania.ru/wp-content/uploads/2022/08/aj1-h-taxi-768x461.jpg,https://kicksmania.ru/product/air-jordan-1-retro-high-taxi/
Air Force 1 Low Blue Paisley,NO,25700 - 26900,"37.5, 38, 38.5, 39, 40",https://kicksmania.ru/wp-content/uploads/2022/12/nike-air-force-1-low-07-essential-white-worn-blue-paisley-730x438.jpg,https://kicksmania.ru/product/air-force-1-low-blue-paisley/
Air Force 1 ’07 Low White,NO,19900,"35.5, 36, 36.5, 37.5, 38, 38.5, 39, 40, 40.5, 41, 42, 42.5, 43, 44, 44.5, 45, 45.5, 46, 47, 47.5, 48, 48.5, 49, 49.5",https://kicksmania.ru/wp-content/uploads/2022/06/nike-air-force-1-low-white-768x461.jpg,https://kicksmania.ru/product/nike-air-force-1-low-white/
Supreme x Air Force 1 Low Brown,NO,38900,"41, 42, 43, 44, 45, 46",https://kicksmania.ru/wp-content/uploads/2023/11/supforcemain-730x438.png,https://kicksmania.ru/product/supreme-x-air-force-1-low-brown/
Supreme x Air Force 1 Low White,NO,38900,"42, 42.5, 43, 44",https://kicksmania.ru/wp-content/uploads/2023/11/supforcewmain-730x438.png,https://kicksmania.ru/product/supreme-x-air-force-1-low-white/
Air Jordan 1 Mid Elephant,NO,28400,"35.5, 36, 36.5, 37.5, 38, 38.5, 39, 40, 40.5, 41, 42, 42.5, 43, 44, 44.5, 45, 45.5, 46",https://kicksmania.ru/wp-content/uploads/2022/11/air-jordan-1-mid-elephant--768x461.jpg,https://kicksmania.ru/product/air-jordan-1-mid-elephant/
Air Jordan 1 Retro High Not For Resale Red,NO,117900 - 134700,"42.5, 43",https://kicksmania.ru/wp-content/uploads/2021/04/jordan-1-retro-high-not-for-resale-varsity-red-768x461.png,https://kicksmania.ru/product/air-jordan-1-not-for-resale-varsity-red/
Air Jordan 1 Retro High Panda,NO,105000,38,https://kicksmania.ru/wp-content/uploads/2021/04/aj1-high-panda-768x461.png,https://kicksmania.ru/product/air-jordan-1-retro-high-panda/
Air Jordan 1 Mid Ice Blue,NO,34300,"36, 36.5, 37.5, 38, 38.5, 39, 40",https://kicksmania.ru/wp-content/uploads/2022/10/modeli-iz-etoj-papki-768x461.jpg,https://kicksmania.ru/product/air-jordan-1-mid-ice-blue/
Grateful Dead x Dunk SB Low Green,NO,209900 - 241500,"40, 45",https://kicksmania.ru/wp-content/uploads/2021/06/nike-sb-dunk-low-grateful-dead-bears-green-1-768x461.jpg,https://kicksmania.ru/product/nike-sb-dunk-low-grateful-dead-bears-green/
Air Jordan 1 Retro High Rebellionaire,NO,32900 - 42900,"36, 36.5, 39, 42, 42.5",https://kicksmania.ru/wp-content/uploads/2022/03/air-jordan-1-retro-high-rebellionaire-768x461.jpg,https://kicksmania.ru/product/air-jordan-1-retro-high-rebellionaire/
Air Jordan 1 High Denim,NO,38300,"35.5, 36, 36.5, 37.5, 38, 38.5, 39, 40, 40.5, 41, 42, 42.5, 43, 44, 44.5",https://kicksmania.ru/wp-content/uploads/2022/09/air-jordan-1-high-denim-768x461.jpg,https://kicksmania.ru/product/air-jordan-1-high-denim/
Nike Dunk Low White Black,NO,22900 - 24900,"35.5, 36, 36.5, 37.5, 38, 38.5, 39, 40, 40.5, 41, 42, 42.5, 43, 44, 44.5, 45, 45.5, 46",https://kicksmania.ru/wp-content/uploads/2021/04/dunk-low-white-black-768x461.jpg,https://kicksmania.ru/product/nike-dunk-low-white-black/
Jacquemus x Nike Air Humara Bone,NO,79900 - 135870,"37.5, 38, 38.5, 39, 40, 40.5",https://kicksmania.ru/wp-content/uploads/2022/09/188-768x461.jpg,https://kicksmania.ru/product/jacquemus-x-nike-air-humara-bone/
Air Jordan 1 Low Emerald,NO,32900,"35.5, 36, 36.5, 37.5, 38, 38.5, 39, 40, 40.5, 41, 42, 42.5, 43, 44, 44.5, 45, 45.5, 46, 47, 47.5, 48, 48.5, 49, 49.5",https://kicksmania.ru/wp-content/uploads/2022/09/jordan-1-low-emerald-toe-768x461.jpg,https://kicksmania.ru/product/air-jordan-1-low-emerald/
Ben & Jerry’s x SB Dunk Low Chunky Dunky,NO,199900,40.5,https://kicksmania.ru/wp-content/uploads/2021/04/dunk-low-chunky-dunk-korovy-768x461.png,https://kicksmania.ru/product/ben-jerrys-x-sb-dunk-low-chunky-dunky/
Chateau Rouge x Air Jordan 1 Mid Fearless,NO,89900,43,https://kicksmania.ru/wp-content/uploads/2021/04/chateau-rouge-x-air-jordan-1-mid-fearless-768x461.png,https://kicksmania.ru/product/chateau-rouge-x-air-jordan-1-mid-fearless/
Air Jordan 1 Low Shadow Toe,NO,45300,"35.5, 36, 36.5, 37.5, 38, 38.5, 39, 40, 40.5, 41, 42, 42.5, 43, 44, 44.5, 45, 45.5, 46, 47, 47.5",https://kicksmania.ru/wp-content/uploads/2022/06/air-jordan-1-low-shadow-toe-768x461.jpg,https://kicksmania.ru/product/air-jordan-1-low-shadow-toe/
Air Jordan 1 Retro High University Blue,NO,58400 - 67300,"37.5, 38, 38.5, 39, 40, 42, 42.5, 43, 46",https://kicksmania.ru/wp-content/uploads/2021/04/jordan-1-university-blue-768x461.png,https://kicksmania.ru/product/air-jordan-1-retro-high-university-blue/
Travis Scott x Air Jordan 1 Retro Low OG SP,NO,263900,43,https://kicksmania.ru/wp-content/uploads/2021/04/travis-scott-x-jordan-1-low-768x461.png,https://kicksmania.ru/product/travis-scott-x-air-jordan-1-retro-low/
Air Jordan 1 Mid Neutral Grey,NO,28400,"41, 42, 42.5, 43, 44",https://kicksmania.ru/wp-content/uploads/2022/11/air-jordan-1-mid-neutral-grey-768x461.jpg,https://kicksmania.ru/product/air-jordan-1-mid-neutral-grey/
Air Jordan 1 Mid Stealth,NO,31400,"36.5, 37.5, 38.5, 39, 40, 40.5, 41, 42, 42.5, 43, 44, 44.5",https://kicksmania.ru/wp-content/uploads/2022/11/air-jordan-1-mid-stealth-768x461.jpg,https://kicksmania.ru/product/air-jordan-1-mid-stealth/
Air Jordan 1 Retro High Hyper Royal,NO,64900 - 76900,"36.5, 37.5, 38, 38.5, 39, 40, 40.5, 42.5, 43, 44, 45, 45.5",https://kicksmania.ru/wp-content/uploads/2021/04/air-jordan-1-high-hyper-royal-768x461.png,https://kicksmania.ru/product/air-jordan-1-retro-high-hyper-royal/
Air Jordan 1 Retro High Obsidian,NO,72900,"38, 38.5",https://kicksmania.ru/wp-content/uploads/2021/04/air-jordan-1-retro-high-obsidian-768x461.png,https://kicksmania.ru/product/air-jordan-1-retro-high-obsidian/
Air Jordan 1 Retro High UNC Patent,NO,84200 - 89900,"38, 40.5, 43, 44",https://kicksmania.ru/wp-content/uploads/2021/04/air-jordan-1-retro-high-unc-patent-768x461.jpg,https://kicksmania.ru/product/air-jordan-1-retro-high-unc-patent/
Air Jordan 3 Retro White Cement,NO,49400,"35.5, 36, 36.5, 37.5, 38, 38.5, 39, 40, 40.5, 41, 42, 42.5, 43, 44, 44.5",https://kicksmania.ru/wp-content/uploads/2023/04/3-retro-main-730x438.jpg,https://kicksmania.ru/product/air-jordan-3-retro-white-cement/
Air Jordan 4 Retro Messy Room,NO,39900,"36, 38, 38.5, 39, 40",https://kicksmania.ru/wp-content/uploads/2023/11/messymain-730x438.png,https://kicksmania.ru/product/air-jordan-4-retro-messy-room/
Air Jordan 4 Retro Seafoam (W),NO,49900 - 55900,"38.5, 42, 42.5, 43, 44, 44.5",https://kicksmania.ru/wp-content/uploads/2023/11/seafom4main-730x438.png,https://kicksmania.ru/product/air-jordan-4-retro-seafoam-w/
Travis Scott x Nike SB Dunk Low,NO,259900,43,https://kicksmania.ru/wp-content/uploads/2021/04/travis-x-dunk-low-768x461.png,https://kicksmania.ru/product/travis-scott-x-nike-sb-dunk-low/
Grateful Dead x Dunk SB Low Yellow,NO,124900,43,https://kicksmania.ru/wp-content/uploads/2021/06/nike-sb-dunk-low-grateful-dead-bears-opti-yellow-768x461.jpg,https://kicksmania.ru/product/nike-sb-dunk-low-grateful-dead-bears-opti-yellow/
Why So Sad? x Dunk SB Low,NO,51900,42.5,https://kicksmania.ru/wp-content/uploads/2022/12/so-sad--730x438.jpg,https://kicksmania.ru/product/why-so-sad-x-dunk-sb-low/
Civilist x Nike SB Dunk Low,NO,140900,42.5,https://kicksmania.ru/wp-content/uploads/2021/04/civilist-x-dunk-low-768x461.png,https://kicksmania.ru/product/civilist-x-nike-sb-dunk-low/
Dior x Jordan 1 Low,NO,990000,"35.5, 36, 36.5, 37.5, 38, 38.5, 39, 40, 40.5, 41, 42, 42.5, 43, 44, 44.5, 45, 45.5, 46, 47, 47.5, 48, 48.5, 49, 49.5",https://kicksmania.ru/wp-content/uploads/2021/04/dior-x-jordan-low-768x461.png,https://kicksmania.ru/product/dior-x-jordan-1-low/
Nike SB Dunk Low Street Hawker,NO,72900 - 89900,"35.5, 36, 36.5, 37.5, 38, 38.5, 39, 40, 40.5, 41, 42, 42.5, 43, 44, 44.5, 45, 45.5, 46, 47, 47.5, 48, 48.5, 49, 49.5",https://kicksmania.ru/wp-content/uploads/2021/04/nike-sb-dunk-low-street-hawker-768x461.png,https://kicksmania.ru/product/nike-sb-dunk-low-street-hawker/
Travis Scott x Air Jordan 1 Retro High,NO,224900 - 254900,"41, 46",https://kicksmania.ru/wp-content/uploads/2021/04/travis-scott-x-air-jordan-1-retro-high-768x461.jpg,https://kicksmania.ru/product/travis-scott-x-air-jordan-1-retro-high/
Yeezy Boost 350 v2 Black Reflective,NO,100900 - 106680,"38, 44, 44.5",https://kicksmania.ru/wp-content/uploads/2021/04/yeezy-boost-350-v2-black-rf-768x461.jpg,https://kicksmania.ru/product/yeezy-boost-350-v2-black-reflective/
Air Jordan 1 Mid Signal Blue,NO,27900,"36, 36.5, 38.5, 40",https://kicksmania.ru/wp-content/uploads/2021/04/air-jordan-1-mid-signal-blue-768x461.jpg,https://kicksmania.ru/product/air-jordan-1-mid-signal-blue/
Nike Dunk Low Ceramic,NO,55900 - 64900,"38, 42, 42.5, 43, 45.5",https://kicksmania.ru/wp-content/uploads/2021/04/nike-dunk-low-ceramic-2020-768x461.png,https://kicksmania.ru/product/nike-dunk-low-ceramic/
Yeezy Boost 350 v2 Core,NO,51800,"36, 36.5, 37.5, 38, 38.5, 39, 40, 40.5, 41, 42, 42.5, 43, 44, 44.5, 45, 46, 46.5, 47, 48, 48.5, 49, 50, 50.5",https://kicksmania.ru/wp-content/uploads/2023/01/yeezy-350-red-730x438.jpg,https://kicksmania.ru/product/yeezy-boost-350-v2-core/
Air Jordan 1 Retro High Fearless UNC Chicago,NO,69900,"42, 43",https://kicksmania.ru/wp-content/uploads/2021/04/jordan-1-retro-high-fearless-unc-chicago-768x461.png,https://kicksmania.ru/product/air-jordan-1-fearless-unc-chicago-patent/
NB 550 White Green,NO,34900,"35.5, 36, 36.5, 37.5, 38, 38.5, 39, 40, 40.5, 41, 42, 42.5, 43, 44, 44.5, 45, 45.5, 46, 47, 47.5, 48, 48.5, 49, 49.5",https://kicksmania.ru/wp-content/uploads/2022/08/nb-550-white-green-768x461.jpg,https://kicksmania.ru/product/nb-550-white-green/
Air Jordan 1 Mid All-Star,NO,44800 - 47100,"36, 36.5, 37.5, 38, 38.5, 39, 40, 40.5, 41, 42, 42.5, 43, 44, 44.5, 45, 45.5, 46, 47, 47.5, 48, 48.5",https://kicksmania.ru/wp-content/uploads/2021/04/jordan-1-mid-all-star-768x461.png,https://kicksmania.ru/product/air-jordan-1-mid-all-star/
Air Jordan 1 Mid Ice Cream,NO,28900,"37.5, 38, 40",https://kicksmania.ru/wp-content/uploads/2021/04/jordan-1-mid-paint-drip-768x461.png,https://kicksmania.ru/product/air-jordan-1-mid-ice-cream-drip/
Nike Air Force 1 Low Black,NO,20900,"35.5, 36, 36.5, 37.5, 38, 38.5, 39, 40, 40.5, 41, 42, 42.5, 43, 44, 44.5, 45, 45.5, 46",https://kicksmania.ru/wp-content/uploads/2022/11/nike-air-force-1-low-black-768x461.jpg,https://kicksmania.ru/product/nike-air-force-1-low-black/
Adidas Campus 80s Youth of Paris Crystal White,YES,64900 - 27900,"41 1/3, 43 1/3",https://kicksmania.ru/wp-content/uploads/2023/07/yof-main-730x438.jpg,https://kicksmania.ru/product/adidas-campus-80s-youth-of-paris-crystal-white/
Off-White x Air Jordan 4 Retro Sail,NO,None,None,https://kicksmania.ru/wp-content/uploads/2021/04/off-white-x-jordan-4-sail-768x461.png,https://kicksmania.ru/product/off-white-x-jordan-4-sail/
Louis Vuitton x Air Force 1 Low Red,NO,699000,"36, 36.5, 37.5, 38, 38.5, 39, 40, 40.5, 41, 42, 42.5, 43, 44, 44.5, 45, 45.5, 46, 47, 47.5, 48, 48.5, 49, 49.5",https://kicksmania.ru/wp-content/uploads/2022/07/by-virgil-abloh-white-red-768x461.jpg,https://kicksmania.ru/product/louis-vuitton-nike-air-force-1-low-by-virgil-abloh-white-red/
Jacquemus x Nike Air Humara Brown,NO,61740 - 90195,"37.5, 38, 38.5, 39, 40, 40.5",https://kicksmania.ru/wp-content/uploads/2022/09/189-768x461.jpg,https://kicksmania.ru/product/jacquemus-x-nike-air-humara-ale-brown-gold/
Air Jordan 1 Retro High Reverse Laney,NO,36900,"36.5, 38, 38.5, 39, 40.5, 42, 42.5, 43, 44, 44.5, 45",https://kicksmania.ru/wp-content/uploads/2023/04/laney-main-730x438.jpg,https://kicksmania.ru/product/air-jordan-1-retro-high-og-reverse-laney/
Air Jordan 1 Retro High Twist,NO,37100,"37.5, 38.5, 39, 40",https://kicksmania.ru/wp-content/uploads/2023/04/twist-main-730x438.jpg,https://kicksmania.ru/product/air-jordan-1-retro-high-og-twist-2-0/
Nike Dunk Low SP City Market,NO,57900,42,https://kicksmania.ru/wp-content/uploads/2021/04/nike-dunk-low-sp-city-market-768x461.png,https://kicksmania.ru/product/nike-dunk-low-sp-city-market/
Yeezy Boost 350 v2 Ash Pearl,NO,55900,36.5,https://kicksmania.ru/wp-content/uploads/2021/04/yeezy-350-v2-ash-pearl-768x461.png,https://kicksmania.ru/product/yeezy-boost-350-v2-ash-pearl/
Yeezy Boost 350 v2 Bred,NO,53900 - 66900,"36, 36.5, 37.5, 38, 38.5, 39, 40, 40.5, 41, 42, 42.5, 43, 44, 44.5, 45, 46, 46.5",https://kicksmania.ru/wp-content/uploads/2021/04/yeezy-boost-350-v2-bred-768x461.png,https://kicksmania.ru/product/yeezy-boost-350-v2-bred/
Louis Vuitton x Air Force 1 Low Green,NO,699000,40,https://kicksmania.ru/wp-content/uploads/2022/07/louis-vuitton-nike-air-force-1-low-by-virgil-abloh-white-green-768x461.jpg,https://kicksmania.ru/product/louis-vuitton-nike-air-force-1-low-by-virgil-abloh-white-green/
Travis Scott x Air Max 1 Baroque Brown,NO,51765 - 77595,"36, 36.5, 37.5, 38, 38.5, 39, 40, 40.5, 41, 42, 42.5, 43, 44, 44.5, 45, 45.5, 46, 47.5",https://kicksmania.ru/wp-content/uploads/2022/06/travis-scott-x-nike-air-max-1-22baroque-brown22-768x461.jpg,https://kicksmania.ru/product/travis-scott-x-nike-air-max-1-baroque-brown/
Adidas Adilette 22 Desert Sand,NO,21900 - 23900,"37, 38, 39, 40.5, 42, 43, 44.5, 46, 47",https://kicksmania.ru/wp-content/uploads/2022/06/adilette-22-768x461.jpg,https://kicksmania.ru/product/adidas-adilette-22-desert-sand/
Air Jordan 1 Low Washed Denim,NO,31900,"36.5, 37.5, 38, 38.5, 39, 40",https://kicksmania.ru/wp-content/uploads/2022/06/snimok-ekrana-2023-11-03-v-17.57.44-730x419.png,https://kicksmania.ru/product/jordan-1-low-washed-denim/
Air Jordan 1 Mid Invert,NO,35910,"35.5, 36, 36.5, 37.5, 38, 38.5, 39, 40, 40.5, 41, 42, 42.5, 43, 44, 44.5",https://kicksmania.ru/wp-content/uploads/2022/08/aj1-mid-homage-blackwhite-768x461.jpg,https://kicksmania.ru/product/air-jordan-1-mid-homage-black-white/
Yeezy 700 v3 Safflower,NO,56070,38,https://kicksmania.ru/wp-content/uploads/2021/04/yeezy-700-v3-sufflower-768x461.png,https://kicksmania.ru/product/yeezy-700-v3-safflower/
Louis Vuitton x Air Force 1 Low Metallic Gold,NO,1235700,40,https://kicksmania.ru/wp-content/uploads/2022/07/by-virgil-abloh-metallic-gold-768x461.jpg,https://kicksmania.ru/product/louis-vuitton-nike-air-force-1-low-by-virgil-abloh-metallic-gold/
Yeezy Boost 350 v2 Bone,NO,64900,37.5,https://kicksmania.ru/wp-content/uploads/2022/06/yeezy-boost-350-v2-bone-1-768x461.jpg,https://kicksmania.ru/product/yeezy-boost-350-v2-bone/
Yeezy Boost 350 v2 Zyon,NO,39900 - 65900,"36, 36.5, 37.5, 38, 38.5, 39, 40, 40.5, 41, 42, 42.5, 43, 44, 44.5, 45, 46, 46.5, 47, 48, 48.5, 49, 50, 50.5",https://kicksmania.ru/wp-content/uploads/2021/04/adidas-yeezy-boost-350-v2-zyon-768x461.png,https://kicksmania.ru/product/yeezy-boost-350-v2-zyon/
Air Jordan 1 Low Arctic Pink,NO,37900 - 39900,"35.5, 36, 36.5, 37.5, 38, 38.5, 39, 40",https://kicksmania.ru/wp-content/uploads/2022/05/air-jordan-1-low-light-arctic-pink-768x461.jpg,https://kicksmania.ru/product/air-jordan-1-low-arctic-pink/
Yeezy 500 Ash Grey,NO,55500,37.5,https://kicksmania.ru/wp-content/uploads/2022/10/yeezy-500-ash-grey-768x461.jpg,https://kicksmania.ru/product/yeezy-500-ash-grey/
Air Jordan 1 Mid Berry,NO,34900 - 37900,"35.5, 36, 36.5, 37.5, 38, 38.5, 39, 40, 40.5, 41, 42, 42.5, 43, 44, 44.5",https://kicksmania.ru/wp-content/uploads/2022/05/jordan-1-mid-berry-768x461.jpg,https://kicksmania.ru/product/air-jordan-1-mid-berry/
Louis Vuitton x Air Force 1 Low Royal,NO,None,None,https://kicksmania.ru/wp-content/uploads/2022/07/by-virgil-abloh-white-royal-768x461.jpg,https://kicksmania.ru/product/louis-vuitton-nike-air-force-1-low-by-virgil-abloh-white-royal/
Air Jordan 1 Low Barcelona,NO,31300,"35.5, 36, 36.5, 37.5, 38, 38.5, 39, 40",https://kicksmania.ru/wp-content/uploads/2021/12/air-jordan-1-low-barcelona-768x461.jpg,https://kicksmania.ru/product/air-jordan-1-low-barcelona/
Air Force 1 Low White Kids,NO,17900,27,https://kicksmania.ru/wp-content/uploads/2022/11/af1-low-white--768x461.jpg,https://kicksmania.ru/product/air-force-1-low-white-kids/
Air Jordan 1 Mid UNC,NO,35600,"36.5, 37.5, 38, 38.5, 39, 40, 40.5",https://kicksmania.ru/wp-content/uploads/2022/05/jordan-1-mid-unc-2022-768x461.jpg,https://kicksmania.ru/product/air-jordan-1-mid-unc-2/
Air Jordan 1 High Heritage Kids,NO,29900,"21, 27, 32",https://kicksmania.ru/wp-content/uploads/2022/11/aj1-h-heritage-kids-768x461.jpg,https://kicksmania.ru/product/air-jordan-1-high-heritage-kids/
Air Jordan 4 Retro SE Black Canvas,NO,58200,43,https://kicksmania.ru/wp-content/uploads/2022/12/air-jordan-4-retro-se-22black-canvas22-730x438.jpg,https://kicksmania.ru/product/air-jordan-4-retro-se-black-canvas/
Air Jordan 1 High Satin Snake Kids,NO,39900,"17, 18.5, 19.5, 21, 22, 23.5, 25, 26, 27, 28, 28.5, 29.5, 30, 31, 31.5, 32, 33, 33.5, 34, 35",https://kicksmania.ru/wp-content/uploads/2022/11/aj1-h-satin-snake--768x461.jpg,https://kicksmania.ru/product/air-jordan-1-high-satin-snake-kids/
Air Jordan 6 x Travis Scott British Khaki Kids,NO,37900,26,https://kicksmania.ru/wp-content/uploads/2022/11/aj6-x-travis-scott-british-khaki-9s-768x461.jpg,https://kicksmania.ru/product/air-jordan-6-x-travis-scott-british-khaki-kids/
Air Jordan 1 High Seafoam Kids,NO,29900,28,https://kicksmania.ru/wp-content/uploads/2022/11/aj1-h-seafoam-gs-768x461.jpg,https://kicksmania.ru/product/air-jordan-1-high-seafoam-kids/
Concepts X Dunk SB Green Lobster,NO,170600,43,https://kicksmania.ru/wp-content/uploads/2022/12/concepts-x-nike-sb-dunk-lobster-green-730x438.jpg,https://kicksmania.ru/product/concepts-x-dunk-sb-green-lobster/
Concepts X Dunk SB Purple Lobster,NO,142100,"35.5, 36, 36.5, 37.5, 38, 38.5, 39, 40, 40.5, 41, 42, 42.5, 43, 44, 44.5, 45, 45.5, 46, 47, 47.5, 48, 48.5, 49, 49.5",https://kicksmania.ru/wp-content/uploads/2022/12/nike-sb-dunk-lobster-purple-730x438.jpg,https://kicksmania.ru/product/concepts-x-dunk-sb-purple-lobster/
New Balance 550 White University Blue,NO,24900,"36, 36.5, 37.5, 38, 38.5, 39, 40, 40.5, 41, 42, 42.5, 43, 44, 44.5, 45, 45.5, 46",https://kicksmania.ru/wp-content/uploads/2022/06/new-balance-550-unc-white-university-blue-768x461.jpg,https://kicksmania.ru/product/new-balance-550-unc-white-university-blue/
Travis Scott x Air Jordan 1 Low Reverse Mocha Kids,NO,41900 - 49900,"19.5, 21, 22, 23.5, 25, 26, 27",https://kicksmania.ru/wp-content/uploads/2022/10/travis-scott-x-air-jordan-1-low-og-ps-reverse-mocha1-768x461.jpg,https://kicksmania.ru/product/air-jordan-1-low-x-travis-scott-reverse-mocha-kids/
Union LA x Air Jordan 1 Retro High NRG ‘Black Toe’,NO,255885,43,https://kicksmania.ru/wp-content/uploads/2022/09/union-la-x-air-jordan-1-retro-high-nrg-black-toe--768x461.jpg,https://kicksmania.ru/product/union-la-x-air-jordan-1-retro-high-nrg-black-toe/
AJ1 H A Ma Maniere kids,NO,37900,28,https://kicksmania.ru/wp-content/uploads/2022/11/aj1-h-a-ma-maniere-ps-768x461.jpg,https://kicksmania.ru/product/aj1-h-a-ma-maniere-kids/
AJ1 H Atmosphere Kids,NO,37900,"22, 31.5",https://kicksmania.ru/wp-content/uploads/2022/11/aj1-h-atmosphere-768x461.jpg,https://kicksmania.ru/product/aj1-h-atmosphere-kids/
Aj1 H Bred Patent Kids,NO,37900,"17, 18.5, 19.5, 21, 22, 23.5, 25, 26, 27, 28, 28.5, 29.5, 30, 31, 31.5, 32, 33, 33.5, 34, 35",https://kicksmania.ru/wp-content/uploads/2022/11/aj1-h-bred-patent-kids-768x461.jpg,https://kicksmania.ru/product/aj1-h-bred-patent-kids/
Air Jordan 1 Retro High Marina Blue Kids,NO,32900,"19.5, 21, 22, 25",https://kicksmania.ru/wp-content/uploads/2022/11/aj1-h-marina-blue-kids-768x461.jpg,https://kicksmania.ru/product/aj1-h-marina-blue-kids/
Air Jordan 1 Retro High Reverse Shattered,NO,114900,40,https://kicksmania.ru/wp-content/uploads/2022/10/aj1-retro-high-reverse-shattered-768x461.jpg,https://kicksmania.ru/product/air-jordan-1-retro-high-reverse-shattered/
Aj1 H University Blue Kids,NO,31500,18.5,https://kicksmania.ru/wp-content/uploads/2022/11/aj1-h-university-blue-kids-768x461.jpg,https://kicksmania.ru/product/aj1-h-university-blue-kids/
Louis Vuitton x Air Force 1 Low White,NO,None,None,https://kicksmania.ru/wp-content/uploads/2022/07/louis-vuitton-x-air-force-1-low-white-768x461.jpg,https://kicksmania.ru/product/louis-vuitton-nike-air-force-1-low-by-virgil-abloh-white/
Union LA x Air Jordan 1 Retro High NRG ‘Storm Blue’,NO,229900,43,https://kicksmania.ru/wp-content/uploads/2022/09/union-la-x-air-jordan-1-retro-high-nrg-storm-blue-768x461.jpg,https://kicksmania.ru/product/union-la-x-air-jordan-1-retro-high-nrg-storm-blue/
Air Jordan 1 High Gore-Tex Grey,NO,44900 - 47900,"35.5, 36, 36.5, 37.5, 38, 38.5, 39, 40, 40.5, 41, 42, 42.5, 43, 44, 44.5, 45, 45.5, 46, 47, 47.5, 48, 48.5, 49, 49.5",https://kicksmania.ru/wp-content/uploads/2022/11/air-jordan-1-high-element-gore-tex-particle-grey-768x461.jpg,https://kicksmania.ru/product/air-jordan-1-high-gore-tex-grey/
Air Jordan 1 High Gore-Tex Light Bone,NO,44900 - 54900,"40, 40.5, 41, 42, 42.5, 43, 44, 44.5, 45, 45.5, 46, 47, 47.5, 48, 48.5, 49.5",https://kicksmania.ru/wp-content/uploads/2021/12/jordan-1-high-element-gore-tex-light-bone-768x461.jpg,https://kicksmania.ru/product/air-jordan-1-high-gore-tex-light-bone/
Air Jordan 1 Low Vintage Grey,NO,39500,"35.5, 36, 36.5, 37.5, 38, 38.5, 39, 40, 40.5, 41, 42, 42.5, 43, 44, 44.5, 45, 45.5, 46, 47, 47.5",https://kicksmania.ru/wp-content/uploads/2022/06/air-jordan-1-low-vintage-grey-768x461.jpg,https://kicksmania.ru/product/air-jordan-1-low-vintage-grey/
Air Jordan 1 Retro High Visionaire,NO,41160,"36, 36.5, 37.5, 38, 38.5, 39, 40, 40.5, 41, 42, 42.5, 43, 44, 44.5, 45, 45.5, 46, 47, 47.5, 48, 48.5, 49, 49.5",https://kicksmania.ru/wp-content/uploads/2022/08/aj1-h-visionaire-768x461.jpg,https://kicksmania.ru/product/air-jordan-1-high-visionaire/
Drake x Air Force 1 Low White NOCTA,NO,59900,43,https://kicksmania.ru/wp-content/uploads/2023/03/af1-nocta-main-730x438.png,https://kicksmania.ru/product/drake-x-air-force-1-low-white-nocta/
New Balance 550 Purple White,NO,34900,"36, 36.5, 37.5, 38, 38.5, 39, 40, 40.5, 41, 42, 42.5, 43, 44, 44.5, 45, 45.5, 46",https://kicksmania.ru/wp-content/uploads/2022/06/new-balance-550-purple-768x461.jpg,https://kicksmania.ru/product/new-balance-550-purple-white/
Off-White x Air Jordan 1 High UNC,NO,219900,39,https://kicksmania.ru/wp-content/uploads/2021/06/off-white-x-jordan-1-high-unc-768x461.png,https://kicksmania.ru/product/off-white-x-air-jordan-1-high-unc/
Air Jordan 1 Retro High Heritage,NO,37600 - 43200,"36.5, 37.5, 38, 38.5, 39, 40, 40.5, 41, 42, 42.5, 43, 44, 44.5, 45, 45.5, 46, 47, 47.5",https://kicksmania.ru/wp-content/uploads/2022/05/jordan-1-retro-high-og-heritage-768x461.jpg,https://kicksmania.ru/product/air-jordan-1-retro-high-heritage/
Travis Scott x Fragment x Air Jordan 1 Low,NO,209900 - 284200,"38, 38.5, 43, 46",https://kicksmania.ru/wp-content/uploads/2021/08/travis-scott-x-fragment-x-air-jordan-low-768x461.jpg,https://kicksmania.ru/product/travis-scott-x-fragment-x-air-jordan-1-low/
Air Jordan 1 Retro High Mocha,NO,87900,"35.5, 36, 36.5, 37.5, 38, 38.5, 39, 40, 40.5, 41, 42, 42.5, 43, 44, 44.5, 45, 45.5, 46, 47, 47.5, 48, 48.5, 49",https://kicksmania.ru/wp-content/uploads/2021/12/dark-mocha-jordan-1-768x461.jpg,https://kicksmania.ru/product/air-jordan-1-retro-high-dark-mocha-2/
Ishod Wair x Magnus Walker x Nike SB Dunk High,NO,59900 - 82900,"41, 43",https://kicksmania.ru/wp-content/uploads/2021/07/nike-dunk-sb-high-pro-ishod-wair-x-magnus-walker-768x461.jpg,https://kicksmania.ru/product/nike-dunk-sb-high-pro-ishod-wair-x-magnus-walker/
Air Jordan 1 High OG True Blue,NO,34900,"35.5, 36, 36.5, 37.5, 38, 38.5, 39, 40, 40.5, 41, 42, 42.5, 43, 44, 44.5, 45, 45.5, 46, 47, 47.5, 48, 48.5, 49, 49.5, 50.5, 51.5, 52.5",https://kicksmania.ru/wp-content/uploads/2023/02/trueblueprevyu-730x438.jpg,https://kicksmania.ru/product/air-jordan-1-high-og/
Air Jordan 1 Retro High Brotherhood,NO,40800,"36, 36.5, 37.5, 38, 38.5, 39, 40, 40.5, 41, 42, 42.5, 43, 44, 44.5, 45, 45.5, 46, 47, 47.5, 48, 48.5, 49, 49.5",https://kicksmania.ru/wp-content/uploads/2022/03/aj1-h-brotherhood-768x461.jpg,https://kicksmania.ru/product/air-jordan-1-retro-high-brotherhood/
Off-White x Air Jordan 1 Retro Chicago,NO,799900,43,https://kicksmania.ru/wp-content/uploads/2022/06/aj1-h-x-off-white-chicago--768x461.jpg,https://kicksmania.ru/product/off-white-x-air-jordan-1-retro-chicago/
Air Jordan 1 Low Bleached Coral,NO,35910,"37.5, 39, 40",https://kicksmania.ru/wp-content/uploads/2022/06/aj-1-low-og-bleached-coral--768x461.jpg,https://kicksmania.ru/product/aj-1-low-og-bleached-coral/
A Ma Maniere x Air Jordan 3,NO,68500,38,https://kicksmania.ru/wp-content/uploads/2022/11/aj3-x-a-ma-maniere-7usw-768x461.jpg,https://kicksmania.ru/product/air-jordan-3-x-a-ma-maniere/
Air Jordan 1 High Gore-Tex Berry,NO,34900 - 39900,"40, 40.5, 41, 42, 42.5, 43, 44, 44.5, 45, 45.5, 46, 47, 47.5, 48, 48.5, 49.5",https://kicksmania.ru/wp-content/uploads/2022/09/air-jordan-1-high-gore-tex-berry-768x461.jpg,https://kicksmania.ru/product/air-jordan-1-high-gore-tex-berry/
Air Jordan 1 Low Dark Mocha,NO,None,None,https://kicksmania.ru/wp-content/uploads/2022/03/jordan-krossovki-jordan-1-low-mocha-brown-768x461.jpg,https://kicksmania.ru/product/air-jordan-1-low-mocha-brown/
Air Jordan 1 Low Homage,NO,31395,"35.5, 36, 36.5, 37.5, 38, 38.5, 39, 40, 40.5, 41, 42, 42.5, 43, 44, 44.5",https://kicksmania.ru/wp-content/uploads/2022/08/aj1-low-homage-blackwhite--768x461.jpg,https://kicksmania.ru/product/air-jordan-1-low-homage-black-white/
Air Jordan 1 Low Pinksicle,NO,34545,"35.5, 36, 36.5, 37.5, 38, 38.5, 39, 40",https://kicksmania.ru/wp-content/uploads/2022/09/aj1-low-pinksicle-768x461.jpg,https://kicksmania.ru/product/air-jordan-1-low-pinksicle/
Air Jordan 1 Mid Black + Red = Bred,NO,24255,"36.5, 37.5, 38, 38.5, 39, 40",https://kicksmania.ru/wp-content/uploads/2022/06/aj1-mid-blackredbred-1-768x461.jpg,https://kicksmania.ru/product/air-jordan-1-mid-black-red-bred/
Air Jordan 1 Retro High Atmosphere,NO,42600,"36, 36.5, 37.5, 38, 38.5, 39, 40, 40.5, 41, 42, 42.5, 43, 44, 44.5",https://kicksmania.ru/wp-content/uploads/2021/12/jordan-1-retro-high-atmosphere-768x461.jpg,https://kicksmania.ru/product/air-jordan-1-retro-high-atmosphere/
Air Jordan 1 Retro High Lucky Green,NO,34900 - 46900,"37.5, 38, 40",https://kicksmania.ru/wp-content/uploads/2021/05/jordan-1-retro-high-lucky-green-w-768x461.jpg,https://kicksmania.ru/product/air-jordan-1-retro-high-lucky-green/
Air Jordan 1 Retro High Track Red,NO,68000 - 107500,"40, 43",https://kicksmania.ru/wp-content/uploads/2021/07/jordan-1-retro-high-track-red-768x461.jpg,https://kicksmania.ru/product/air-jordan-1-retro-high-track-red/
Nike SB x Air Jordan 1 Retro High LA to Chicago,NO,89900,"38, 43, 44",https://kicksmania.ru/wp-content/uploads/2021/04/aj1-la-to-chicago-768x461.png,https://kicksmania.ru/product/nike-sb-x-air-jordan-1-retro-high-la-to-chicago/
Air Jordan 1 Low Powder Blue,NO,38400,"35.5, 36, 36.5, 37.5, 38, 38.5, 39, 40, 40.5, 41, 42, 42.5, 43, 44, 44.5, 45, 45.5, 46",https://kicksmania.ru/wp-content/uploads/2022/10/air-jordan-1-low-og-dark-powder-blue-768x461.jpeg,https://kicksmania.ru/product/air-jordan-1-low-powder-blue/
Air Jordan 1 Retro High RE2PECT,NO,113610,"44, 45",https://kicksmania.ru/wp-content/uploads/2022/06/jordan-1-retro-high-re2pect-768x461.jpg,https://kicksmania.ru/product/jordan-1-retro-high-re2pect/
Adidas Adilette 22 Magic Lime,NO,21900 - 23900,"37, 38, 39, 40.5, 42, 43, 44.5, 46, 47",https://kicksmania.ru/wp-content/uploads/2022/06/adilette-22-zelenye-768x461.jpg,https://kicksmania.ru/product/adilette-22/
Adidas Adilette 22 Grey,NO,21900 - 23900,"37, 38, 39, 40.5, 42, 43, 44.5, 46, 47, 48.5",https://kicksmania.ru/wp-content/uploads/2022/06/adidas-adilette-22-grey-768x461.jpg,https://kicksmania.ru/product/adidas-adilette-22-grey/
Adidas Adilette 22 Carbon Aluminum,NO,21900 - 23900,"37, 38, 39, 40.5, 42, 43, 44.5, 46, 47, 48.5",https://kicksmania.ru/wp-content/uploads/2022/06/adilette-22-sero-belye-768x461.jpg,https://kicksmania.ru/product/adidas-adilette-22-carbon-aluminum/
Air Jordan 1 Low Pink Red,NO,38400,"36.5, 37.5, 38, 38.5, 39, 40",https://kicksmania.ru/wp-content/uploads/2021/11/air-jordan-low-pink-red-768x461.jpg,https://kicksmania.ru/product/air-jordan-low-pink-red/
Air Jordan 1 Mid Tan Gum,NO,50190,"40.5, 41, 42, 42.5, 43, 44, 44.5, 45, 45.5, 46",https://kicksmania.ru/wp-content/uploads/2022/06/jordan-1-mid-tan-gum-1-768x461.jpg,https://kicksmania.ru/product/air-jordan-1-mid-tan-gum/
Air Jordan 1 Mid Turf Orange,YES,39900 - 26900,37.5,https://kicksmania.ru/wp-content/uploads/2021/04/air-jordan-1-mid-turf-orange-768x461.jpg,https://kicksmania.ru/product/air-jordan-1-mid-turf-orange/
Air Jordan 1 Retro High Rookie of the Year,NO,95900,43,https://kicksmania.ru/wp-content/uploads/2022/08/air-jordan-1-retro-high-og-rookie-of-the-year-768x461.jpg,https://kicksmania.ru/product/air-jordan-1-retro-high-og-rookie-of-the-year/
Yeezy Boost 350 v2 Onyx,NO,67900,"36, 36.5, 37.5, 38, 38.5, 39, 40, 40.5, 41, 42, 42.5, 43, 44, 44.5, 45, 46, 46.5, 47, 48, 48.5, 49, 50, 50.5",https://kicksmania.ru/wp-content/uploads/2022/08/yeezy-350-v2-onyx--768x461.jpg,https://kicksmania.ru/product/yeezy-boost-350-v2-onyx/
Adidas Adilette 22 Lime/Sand,NO,21900 - 23900,"37, 38, 39, 40.5, 42, 43, 44.5, 46, 47, 48.5",https://kicksmania.ru/wp-content/uploads/2022/06/adidas-adilette-22-limesand-768x461.jpg,https://kicksmania.ru/product/adidas-adilette-22-lime-sand/
Adidas Adilette 22 Black,NO,21900 - 23900,"37, 38, 39, 40.5, 42, 43, 44.5, 46, 47, 48.5",https://kicksmania.ru/wp-content/uploads/2022/06/adilette-22-chernyj-768x461.jpg,https://kicksmania.ru/product/adidas-adilette-22-black/
Air Jordan 1 Retro High Satin Snake,NO,None,None,https://kicksmania.ru/wp-content/uploads/2021/04/aj1-satin-snake-768x461.png,https://kicksmania.ru/product/air-jordan-1-retro-high-satin-snake/
Air Jordan 1 Mid Grey Green,NO,43900,"36.5, 37.5, 38, 38.5, 39, 40, 40.5, 41, 42, 42.5, 43, 44, 44.5",https://kicksmania.ru/wp-content/uploads/2022/02/jordan-1-mid-se-grey-green-1-768x461.jpg,https://kicksmania.ru/product/air-jordan-1-mid-grey-green/
Air Jordan 1 Mid Wolf Grey,NO,51500,"37.5, 38, 38.5, 39, 40, 40.5",https://kicksmania.ru/wp-content/uploads/2021/08/jordan-1-mid-wolf-grey-aluminum-1-768x461.jpg,https://kicksmania.ru/product/air-jordan-1-mid-wolf-grey-aluminum/
Air Jordan 1 Retro High Bred Toe,NO,103500,46,https://kicksmania.ru/wp-content/uploads/2022/12/air-jordan-1-high-bred-toe-730x438.jpg,https://kicksmania.ru/product/air-jordan-1-high-bred-toe/
Air Jordan 1 Retro High Homage to Home,NO,78540,"38, 38.5, 39, 40, 40.5, 41, 42, 42.5, 43, 44, 44.5, 45, 45.5, 46, 47, 47.5, 48, 48.5, 49, 49.5",https://kicksmania.ru/wp-content/uploads/2021/04/1-66-730x438.jpg,https://kicksmania.ru/product/air-jordan-1-retro-high-homage-to-home/
Air Jordan 4 Retro Lightning,NO,56900 - 64900,"36, 42.5, 43, 44",https://kicksmania.ru/wp-content/uploads/2021/08/jordan-4-retro-768x461.jpg,https://kicksmania.ru/product/air-jordan-4-retro-lightning/
Nike Dunk Low Ocean,NO,27900 - 42630,"35.5, 36, 36.5, 37.5, 38, 38.5, 39, 40, 40.5, 41, 42, 42.5, 43, 44, 44.5",https://kicksmania.ru/wp-content/uploads/2022/06/nike-dunk-low-ocean-w-768x461.jpg,https://kicksmania.ru/product/nike-dunk-low-ocean-w/
Air Jordan 4 Retro Sashiko,NO,48825 - 57645,"35.5, 36, 36.5, 37.5, 38, 38.5, 39, 40, 40.5, 41, 42, 42.5, 43, 44, 44.5, 45, 45.5, 46, 47, 47.5, 48.5, 49.5",https://kicksmania.ru/wp-content/uploads/2022/09/air-jordan-4-sashiko-768x461.jpg,https://kicksmania.ru/product/air-jordan-4-sashiko/
Air Jordan 4 Retro Red Thunder,NO,74200,"41, 42, 42.5, 43, 44, 44.5, 45",https://kicksmania.ru/wp-content/uploads/2022/01/110-768x461.jpg,https://kicksmania.ru/product/air-jordan-4-retro-red-thunder/
Air Jordan 1 Retro High Hand Crafted,NO,41400 - 43900,"41, 42, 42.5, 43, 44, 44.5, 45, 46",https://kicksmania.ru/wp-content/uploads/2021/12/jordan-1-retro-high-og-hand-crafted-768x461.jpg,https://kicksmania.ru/product/air-jordan-1-retro-high-hand-crafted/
Nike Dunk Low Grey Fog,YES,47145 - 39900,"40, 41, 42",https://kicksmania.ru/wp-content/uploads/2022/06/nike-dunk-low-grey-fog-1-768x461.jpg,https://kicksmania.ru/product/nike-dunk-low-grey-fog/
Nike Dunk Low Two Toned Grey,NO,47040 - 61215,"36, 36.5, 37.5, 38, 38.5, 39, 40, 40.5, 41, 42, 42.5, 43, 44, 44.5, 45, 45.5, 46, 47, 47.5, 48, 48.5, 49",https://kicksmania.ru/wp-content/uploads/2022/06/nike-dunk-low-two-toned-grey-1-768x461.jpg,https://kicksmania.ru/product/nike-dunk-low-two-toned-grey/
Air Jordan 1 Low Slate Blue Navy,NO,38325,"38, 40",https://kicksmania.ru/wp-content/uploads/2022/09/aj1-low-slate-blue-navy-768x461.jpg,https://kicksmania.ru/product/jordan-1-low-slate-blue-navy/
Yeezy Boost 350 v2 Carbon,NO,48300,36,https://kicksmania.ru/wp-content/uploads/2021/04/yeezy-boost-350-v2-carbon-768x461.jpg,https://kicksmania.ru/product/yeezy-boost-350-v2-carbon/
Air Jordan 1 Mid Yellow Floral,YES,31395 - 24900,36.5,https://kicksmania.ru/wp-content/uploads/2021/04/modeli-iz-etoj-papki-768x461.jpg,https://kicksmania.ru/product/air-jordan-1-mid-yellow-floral/
Air Jordan 1 Retro High Spider-Man Origin Story,NO,None,None,https://kicksmania.ru/wp-content/uploads/2021/06/jordan-1-retro-high-spider-man-origin-story-768x461.jpg,https://kicksmania.ru/product/air-jordan-1-retro-high-spider-man-origin-story/
New Balance 550 Lakers Orange,NO,29900,"38, 39",https://kicksmania.ru/wp-content/uploads/2022/06/new-balance-550-orange--768x461.jpg,https://kicksmania.ru/product/new-balance-550-lakers-orange/
Nike SB Dunk High Pineapple,NO,27900,38,https://kicksmania.ru/wp-content/uploads/2022/10/nike-sb-dunk-high-pineapple--768x461.jpg,https://kicksmania.ru/product/nike-sb-dunk-high-pineapple/
Nike SB x Air Jordan 1 Retro High ‘NYC to Paris’,NO,67305,43,https://kicksmania.ru/wp-content/uploads/2021/04/air-jordan-1-nyc-to-paris-768x461.png,https://kicksmania.ru/product/nike-sb-x-air-jordan-1-retro-high-nyc-to-paris/
Air Jordan 1 High ’85 GeorgeTown,NO,71200,45,https://kicksmania.ru/wp-content/uploads/2022/04/jordan-1-high-georgetown-768x461.jpg,https://kicksmania.ru/product/air-jordan-1-high-85-georgetown/
Nike Dunk Low Black Paisley,NO,32900 - 49900,"35.5, 36, 36.5, 37.5, 38, 38.5, 39, 40, 40.5, 41, 42, 42.5, 43, 44, 44.5",https://kicksmania.ru/wp-content/uploads/2022/06/nike-dunk-low-ess-black-paisley-768x461.jpg,https://kicksmania.ru/product/nike-dunk-low-essential-black-paisley/
Air Jordan 1 Retro High Marina Blue,NO,34200,"35.5, 36, 36.5, 37.5, 38, 38.5, 39, 40, 40.5, 41, 42, 42.5, 43, 44, 44.5, 45, 45.5, 46, 47, 47.5, 48, 48.5, 49, 49.5",https://kicksmania.ru/wp-content/uploads/2022/02/jordan-1-retro-high-og-dark-marina-blue-1-768x461.jpg,https://kicksmania.ru/product/air-jordan-1-retro-high-dark-marina-blue/
Air Jordan 1 High Shattered 3.0,NO,65415,44,https://kicksmania.ru/wp-content/uploads/2022/09/air-jordan-1-high-shattered-3.0-768x461.jpg,https://kicksmania.ru/product/air-jordan-1-high-shattered-3-0/
Air Jordan 1 Low Grey Red,NO,35910,37.5,https://kicksmania.ru/wp-content/uploads/2022/06/air-jordan-1-low-smoke-grey-red-768x461.jpg,https://kicksmania.ru/product/air-jordan-1-low-smoke-grey-red/
Air Jordan 1 Mid Valentine’s Day,YES,42400 - 37900,"35.5, 36, 36.5, 37.5, 38, 38.5, 39, 40, 40.5, 41, 42, 42.5, 43, 44, 44.5",https://kicksmania.ru/wp-content/uploads/2022/03/aj1-mid-valentines-day--768x461.jpg,https://kicksmania.ru/product/air-jordan-1-mid-valentines-day/
Air Jordan 1 Retro High Fusion Red,NO,27900,"37.5, 43",https://kicksmania.ru/wp-content/uploads/2021/06/jordan-1-retro-high-og-light-fusion-red-768x461.jpg,https://kicksmania.ru/product/air-jordan-1-retro-high-light-fusion-red/
Air Jordan 1 Retro High Seafoam,NO,56900 - 59800,"36.5, 37.5, 40",https://kicksmania.ru/wp-content/uploads/2021/08/jordan-1-high-og-seafoam-w-768x461.jpg,https://kicksmania.ru/product/air-jordan-1-high-og-seafoam/
Air Jordan 4 Retro Shimmer,NO,56900,"35.5, 36, 36.5, 37.5, 38, 38.5, 39, 40, 40.5, 41, 42, 42.5, 43, 44, 44.5",https://kicksmania.ru/wp-content/uploads/2021/09/jordan-4-shimmer-768x461.jpg,https://kicksmania.ru/product/air-jordan-4-retro-shimmer/
Stussy x Lookout & Wonderland x Air Force 1 ‘Hand Dyed — Yellow’,NO,177450,43,https://kicksmania.ru/wp-content/uploads/2021/06/3-2-768x461.jpg,https://kicksmania.ru/product/stussy-x-lookout-wonderland-x-air-force-1-low-los-angeles/
Travis Scott x Fragment x Air Jordan 1 High,NO,494300,37.5,https://kicksmania.ru/wp-content/uploads/2021/07/travis-scott-x-fragment-x-air-jordan-1-high-2-768x461.jpg,https://kicksmania.ru/product/travis-scott-x-fragment-x-air-jordan-1-high/
Yeezy Slide Onyx,NO,23900 - 31900,"37, 38, 39, 40.5, 42, 43, 44.5, 46, 47, 48.5, 50, 51",https://kicksmania.ru/wp-content/uploads/2022/04/yeezy-slide-onyx--768x461.jpg,https://kicksmania.ru/product/yeezy-slide-onyx/
Nike Dunk Low PRM Halloween,NO,49800,"36, 36.5, 37.5, 38, 38.5, 39, 40, 40.5, 41, 42, 42.5, 43, 44, 44.5, 45, 45.5, 46, 47, 47.5, 48, 48.5, 49",https://kicksmania.ru/wp-content/uploads/2022/02/nike-dunk-low-prm-halloween-2021-768x461.jpg,https://kicksmania.ru/product/nike-dunk-low-prm-halloween/
Air Jordan 1 Low Arctic Punch,YES,53800 - 42900,40,https://kicksmania.ru/wp-content/uploads/2021/04/jordan-1-low-se-arctic-punch-768x461.png,https://kicksmania.ru/product/air-jordan-1-low-arctic-punch/
Air Jordan 1 Low Madder Root,NO,38700,"37.5, 38",https://kicksmania.ru/wp-content/uploads/2022/05/air-jordan-1-low-madder-root-768x461.jpg,https://kicksmania.ru/product/air-jordan-1-low-madder-root/
Air Jordan 1 Low SoleFly,NO,38325,"35.5, 36, 36.5, 37.5, 38, 38.5, 39, 40, 40.5, 41, 42, 42.5, 43, 44, 44.5, 45, 45.5, 46, 47, 47.5, 48, 48.5, 49.5",https://kicksmania.ru/wp-content/uploads/2022/06/83-1-768x461.jpg,https://kicksmania.ru/product/aj1-low-solefly/
Air Jordan 1 Retro High Patent Bred,NO,51700,"35.5, 36, 36.5, 37.5, 38, 38.5, 39, 40, 40.5, 41, 42, 42.5, 43, 44, 44.5, 45, 45.5, 46, 47, 47.5, 48, 48.5, 49, 49.5",https://kicksmania.ru/wp-content/uploads/2021/12/jordan-1-retro-high-og-patent-bred-768x461.jpg,https://kicksmania.ru/product/air-jordan-1-retro-high-patent-bred/
Air Jordan 1 Retro High Royal Toe,NO,56070,42,https://kicksmania.ru/wp-content/uploads/2021/04/air-jordan-1-retro-high-royal-toe--768x461.png,https://kicksmania.ru/product/air-jordan-1-retro-high-royal-toe/
NB 2002R Protection Pack Rain Cloud,NO,35595 - 59900,"39, 40.5, 45, 46",https://kicksmania.ru/wp-content/uploads/2022/09/nb-2002r-protection-pack-bone-768x461.jpg,https://kicksmania.ru/product/nb-2002r-protection-pack-rain-cloud/
New Balance 530 White Grey,NO,26900,"36.5, 37.5, 38.5, 40.5, 42",https://kicksmania.ru/wp-content/uploads/2023/10/nb2main-730x438.png,https://kicksmania.ru/product/new-balance-530-white-grey/
New Balance 530 White Silver Navy,NO,26900,"36.5, 37.5, 38.5, 40, 40.5, 41, 42",https://kicksmania.ru/wp-content/uploads/2023/10/nb1main-730x438.png,https://kicksmania.ru/product/new-balance-530-white-silver-navy/
New Balance 550 White & Sky Blue,NO,27900,"37.5, 38, 38.5, 39, 40, 40.5",https://kicksmania.ru/wp-content/uploads/2023/10/nb3main-730x438.png,https://kicksmania.ru/product/new-balance-550-white-sky-blue/
Vans Knu Skool Black Charcoal,NO,25900,"36.5, 37",https://kicksmania.ru/wp-content/uploads/2023/11/vansblcmain-730x438.png,https://kicksmania.ru/product/vans-knu-skool-black-charcoal/
Vans Knu Skool Black White,NO,27900,"37, 38, 38.5, 39",https://kicksmania.ru/wp-content/uploads/2023/10/vansmain-730x438.png,https://kicksmania.ru/product/vans-knu-skool-black-white/
Vans Knu Skool Leather White,NO,25900,39,https://kicksmania.ru/wp-content/uploads/2023/11/vanslwmain-730x439.png,https://kicksmania.ru/product/vans-knu-skool-leather-white/
Vans Knu Skool Marshmallow White,NO,25900,42.5,https://kicksmania.ru/wp-content/uploads/2023/11/vansmmmain-730x438.png,https://kicksmania.ru/product/vans-knu-skool-marshmallow-white/
Vans Knu Skool Peach Dust,NO,25900,"36.5, 38, 38.5, 39, 40.5",https://kicksmania.ru/wp-content/uploads/2023/11/vansvlxmain-730x438.png,https://kicksmania.ru/product/vans-knu-skool-peach-dust/
Vans Knu Skool Suede Beige,NO,25900,40,https://kicksmania.ru/wp-content/uploads/2023/11/vansbmain-730x438.png,https://kicksmania.ru/product/vans-knu-skool-suede-beige/
NB M2002R Protection Pack Phantom,NO,52900 - 62900,"44, 45",https://kicksmania.ru/wp-content/uploads/2022/09/new-balance-m2002r-protection-pack-phantom-768x461.jpg,https://kicksmania.ru/product/nb-m2002r-protection-pack-phantom/
Air Jordan 1 Mid Corduroy,NO,32400,"36.5, 37.5, 38.5",https://kicksmania.ru/wp-content/uploads/2021/09/jordan-1-mid-se-corduroy-sail-1-768x461.jpg,https://kicksmania.ru/product/air-jordan-1-mid-se-corduroy-sail/
Air Jordan 1 Mid White Yellow,NO,49875,39,https://kicksmania.ru/wp-content/uploads/2022/06/air-jordan-1-mid-white-yellow-768x461.jpg,https://kicksmania.ru/product/air-jordan-1-mid-white-yellow/
Air Jordan 1 Retro High Silver Toe,NO,34900,"40, 42.5",https://kicksmania.ru/wp-content/uploads/2021/04/air-jordan-1-retro-high-silver-toe--768x461.png,https://kicksmania.ru/product/air-jordan-1-retro-high-silver-toe-2/
Air Jordan 1 Mid Light Smoke Grey (2022),NO,44900,"35.5, 36, 36.5, 37.5, 38, 38.5, 39, 40, 40.5, 41, 42, 42.5, 43, 44, 44.5, 45, 45.5, 46, 47, 47.5, 48, 48.5, 49, 49.5",https://kicksmania.ru/wp-content/uploads/2022/10/air-jordan-1-mid-light-smoke-grey-2022-768x461.jpg,https://kicksmania.ru/product/air-jordan-1-mid-light-smoke-grey-2022/
Nike Dunk Low Harvest Moon,NO,52400,"35.5, 36, 36.5, 37.5, 38, 38.5, 39, 40, 40.5, 41, 42, 42.5, 43, 44, 44.5",https://kicksmania.ru/wp-content/uploads/2022/02/55-768x461.jpg,https://kicksmania.ru/product/nike-dunk-low-harvest-moon/
Air Jordan 1 High Gore-Tex Curry,NO,37900 - 38900,"40, 40.5, 41, 42, 42.5, 43, 44, 44.5, 45, 45.5, 46, 47, 47.5, 48, 48.5, 49.5",https://kicksmania.ru/wp-content/uploads/2022/09/air-jordan-1-high-gore-tex-yellow--768x461.jpg,https://kicksmania.ru/product/air-jordan-1-high-gore-tex-light-curry/
Off-White x Air Jordan 2 Low,NO,241605,45,https://kicksmania.ru/wp-content/uploads/2022/06/off-white-x-air-jordan-2-low-whitevarsity-red-768x461.jpg,https://kicksmania.ru/product/off-white-x-air-jordan-2-low-whitevarsity-red/
Yeezy 700 V3 Azael,NO,73395,"36, 36.5, 37.5, 38, 38.5, 39, 40, 40.5, 41, 42, 42.5, 43, 44, 44.5, 45, 46, 46.5, 47, 48, 48.5, 49, 50, 50.5",https://kicksmania.ru/wp-content/uploads/2021/06/adidas-yeezy-700-v3-azael-768x461.jpg,https://kicksmania.ru/product/yeezy-700-v3-azael/
Yeezy Boost 350 v2 Beluga Reflective,NO,58200,"36, 36.5, 37.5, 38, 38.5, 39, 40, 40.5, 41, 42, 42.5, 43, 44, 44.5, 45, 46, 46.5, 47, 48, 48.5, 49, 50, 50.5",https://kicksmania.ru/wp-content/uploads/2021/12/yeezy-boost-350-v2-beluga-reflective-1-768x461.jpg,https://kicksmania.ru/product/yeezy-boost-350-v2-beluga-reflective/
Yeezy Boost 350 v2 Dazzling Blue,NO,45300 - 64700,"36, 36.5, 37.5, 38, 38.5, 39, 40, 40.5, 41, 42, 42.5, 43, 44, 44.5, 45, 46, 46.5, 47, 48, 48.5, 49",https://kicksmania.ru/wp-content/uploads/2022/03/yeezy-350-dazzling-blue-768x461.jpg,https://kicksmania.ru/product/yeezy-boost-350-v2-dazzling-blue/
A Ma Maniere x Air Jordan 1 Retro High,NO,74900,"41, 42.5, 44.5, 45",https://kicksmania.ru/wp-content/uploads/2021/12/jordan-1-retro-high-og-a-ma-maniere-768x461.jpg,https://kicksmania.ru/product/a-ma-maniere-x-air-jordan-1-high/
Yeezy Boost 350 V2 MX Rock,NO,51700 - 58200,"36, 36.5, 37.5, 38, 38.5, 39, 40, 40.5, 41, 42, 42.5, 43, 44, 44.5, 45, 46, 46.5, 47, 48, 48.5, 49, 50, 50.5",https://kicksmania.ru/wp-content/uploads/2021/12/adidas-yeezy-boost-350-v2-mx-rock-768x461.jpg,https://kicksmania.ru/product/yeezy-boost-350-v2-mx-rock/
Air Jordan 1 Low Wolf Grey,NO,29900 - 32900,"37.5, 38, 40.5",https://kicksmania.ru/wp-content/uploads/2021/07/air-jordan-1-low-wmns-wolf-grey-768x461.jpg,https://kicksmania.ru/product/air-jordan-1-low-wmns-wolf-grey/
Yeezy 500 Blush,NO,56805,"36, 36.5, 37.5, 38, 38.5, 39, 40, 40.5, 41, 42, 42.5, 43, 44, 44.5, 45, 46, 46.5, 47, 48",https://kicksmania.ru/wp-content/uploads/2022/06/adidas-yeezy-500-blush-768x461.jpg,https://kicksmania.ru/product/yeezy-500-blush/
Yeezy 500 Clay Brown,NO,49900 - 56900,"36, 36.5, 37.5, 38, 38.5, 39, 40, 40.5, 41, 42, 42.5, 43, 44, 44.5, 45, 46, 46.5, 47, 48",https://kicksmania.ru/wp-content/uploads/2021/10/adidas-yeezy-500-clay-brown-768x461.jpg,https://kicksmania.ru/product/yeezy-500-clay-brown/
Yeezy 500 Granite,NO,55440,"36, 36.5, 37.5, 38, 38.5, 39, 40, 40.5, 41, 42, 42.5, 43, 44, 44.5, 45, 46, 46.5, 47, 48",https://kicksmania.ru/wp-content/uploads/2022/06/yeezy-500-granite-768x461.jpg,https://kicksmania.ru/product/yeezy-500-granite/
Travis Scott x Nike Air Force 1 Low,NO,92700,43,https://kicksmania.ru/wp-content/uploads/2021/07/nike-air-force-1-low-travis-scott-cactus-jack-768x461.jpg,https://kicksmania.ru/product/nike-air-force-1-low-travis-scott-cactus-jack/
Nike SB Dunk Low Mummy,NO,56100 - 64000,"38, 41",https://kicksmania.ru/wp-content/uploads/2021/11/nike-sb-dunk-low-mummy-768x461.jpg,https://kicksmania.ru/product/nike-sb-dunk-low-mummy/
Social Status x Nike Dunk Mid Free Lunch Strawberry Milk,NO,64000,"35.5, 36, 36.5, 37.5, 38, 38.5, 39, 40, 40.5, 41, 42, 42.5, 43, 44, 44.5, 45, 45.5, 46, 47, 47.5, 48, 48.5, 49, 49.5",https://kicksmania.ru/wp-content/uploads/2021/11/nike-dunk-mid-social-status-free-lunch-strawberry-milk-768x461.jpg,https://kicksmania.ru/product/social-status-x-nike-dunk-mid-free-lunch-strawberry-milk/
Yeezy Slide Glow Green,NO,38400 - 42600,"37, 38, 39, 40.5, 42, 43, 44.5, 46, 47, 48.5, 50",https://kicksmania.ru/wp-content/uploads/2021/09/yeezy-slide-glow-green-768x461.jpg,https://kicksmania.ru/product/yeezy-slide-glow-green/
Nike Calm Slide Black,NO,17900,"38.5, 40, 41, 42.5, 44, 45, 46, 47.5, 48.5, 49.5, 50.5",https://kicksmania.ru/wp-content/uploads/2023/11/calm3main-730x438.png,https://kicksmania.ru/product/nike-calm-slide-black/
Nike Calm Slide Sail,NO,17900,"36.5, 38",https://kicksmania.ru/wp-content/uploads/2023/11/calm2main-730x438.png,https://kicksmania.ru/product/nike-calm-slide-sail/
Nike Calm Slide Sesame,NO,17900,"36.5, 38, 39, 40.5",https://kicksmania.ru/wp-content/uploads/2023/11/calm1main-730x438.png,https://kicksmania.ru/product/nike-calm-slide-sesame/
Yeezy Slide Azure,NO,21900 - 27900,"37, 38, 39, 40.5, 42, 43, 44.5, 46, 47, 48.5",https://kicksmania.ru/wp-content/uploads/2023/06/azure-main-730x438.jpg,https://kicksmania.ru/product/yeezy-slide-azure/
Yeezy Slide Glow V2,NO,34230,"37, 38, 39, 40.5, 42, 43, 44.5, 46, 47, 48.5, 50",https://kicksmania.ru/wp-content/uploads/2022/08/yeezy-slide-glow-v2-768x461.jpg,https://kicksmania.ru/product/yeezy-slide-glow-v2/
Travis Scott x Air Jordan 4 Cactus Jack,NO,166800,43,https://kicksmania.ru/wp-content/uploads/2021/07/travis-scott-x-air-jordan-4-cactus-jack-768x461.jpg,https://kicksmania.ru/product/travis-scott-x-air-jordan-4-cactus-jack/
Yeezy Slide Pure V2,NO,36200 - 49200,"37, 38, 39, 40.5, 42, 43, 44.5, 46, 47",https://kicksmania.ru/wp-content/uploads/2021/12/adidas-yeezy-slide-pure-restock-pair-1-768x461.jpg,https://kicksmania.ru/product/yeezy-slide-pure-v2/
New Balance 550 White Red,NO,34900,"36, 36.5, 37.5, 38, 38.5, 39, 40, 40.5, 41, 42, 42.5, 43, 44, 44.5, 45, 45.5, 46",https://kicksmania.ru/wp-content/uploads/2022/06/new-balance-550-white-red-768x461.jpg,https://kicksmania.ru/product/new-balance-550-white-red/
Nike SB Dunk Low Laser Blue,NO,47100,"35.5, 36, 36.5, 37.5, 38, 38.5, 39, 40, 40.5, 41, 42, 42.5, 43, 44, 44.5, 45, 45.5, 46, 47, 47.5, 48, 48.5, 49, 49.5",https://kicksmania.ru/wp-content/uploads/2021/10/nike-sb-dunk-low-laser-blue-768x461.jpg,https://kicksmania.ru/product/nike-sb-dunk-low-laser-blue/
Yeezy Boost 350 V2 Light,NO,67900,"36, 36.5, 37.5, 38, 38.5, 39, 40, 40.5, 41, 42, 42.5, 43, 44, 44.5, 45, 46, 46.5, 47, 48, 48.5, 49, 50, 50.5",https://kicksmania.ru/wp-content/uploads/2021/08/yeezy-boost-350-v2-light-768x461.jpg,https://kicksmania.ru/product/yeezy-boost-350-v2-light/
Nike Air Force 1 Low UV Reactive,NO,44900,"35.5, 36, 36.5, 37.5, 38, 38.5, 39, 40, 40.5, 41, 42, 42.5, 43, 44, 44.5, 45, 45.5, 46",https://kicksmania.ru/wp-content/uploads/2021/07/nike-air-force-1-low-uv-768x461.jpg,https://kicksmania.ru/product/nike-air-force-1-low-uv-reactive/
Off-White x Nike Air Force 1 University Gold,NO,324000,43,https://kicksmania.ru/wp-content/uploads/2021/07/off-white-x-nike-air-force-1-canary-yellow-768x461.jpg,https://kicksmania.ru/product/off-white-x-nike-air-force-1-university-gold/
Yeezy Slide Pure,NO,37065 - 42630,"37, 38, 39, 40.5, 42, 43, 44.5, 46, 47, 48.5, 50, 51",https://kicksmania.ru/wp-content/uploads/2021/04/yeezy-slide-pure-1-768x461.jpg,https://kicksmania.ru/product/yeezy-slide-pure/
Travis Scott x Air Jordan 6 Retro British Khaki,NO,65100 - 78540,"40, 42, 44, 46",https://kicksmania.ru/wp-content/uploads/2021/05/jordan-6-retro-travis-scott-british-khaki-768x461.jpg,https://kicksmania.ru/product/travis-scott-x-air-jordan-6-retro/
SoleFly x Air Jordan 1 Retro High Art Basel Sail,NO,349900,43,https://kicksmania.ru/wp-content/uploads/2021/08/jordan-1-retro-high-solefly-art-basel-sail-768x461.jpg,https://kicksmania.ru/product/solefly-x-air-jordan-1-retro-high-art-basel-sail/
Yeezy Boost 350 v2 Mono Mist,NO,44900,"36, 36.5, 37.5, 38, 38.5, 39, 40, 40.5, 41, 42, 42.5, 43, 44, 44.5, 45, 46, 46.5, 47, 48, 48.5, 49",https://kicksmania.ru/wp-content/uploads/2021/06/adidas-yeezy-boost-350-v2-mono-mist-768x461.jpg,https://kicksmania.ru/product/yeezy-boost-350-v2-mono-mist/
Yeezy Slide Enflame Orange,NO,29900 - 44900,"38, 39, 40.5",https://kicksmania.ru/wp-content/uploads/2021/06/slanczy-oranzhevye-768x461.jpg,https://kicksmania.ru/product/yeezy-slide-enflame/
Trophy Room x Air Jordan 1 Retro High Chicago,NO,None,None,https://kicksmania.ru/wp-content/uploads/2021/07/jordan-1-retro-high-trophy-room-chicago-768x461.jpg,https://kicksmania.ru/product/air-jordan-1-retro-high-trophy-room-chicago/
Yeezy 500 Taupe Light,NO,51660,43,https://kicksmania.ru/wp-content/uploads/2021/06/yeezy-500-taupe-light-768x461.jpg,https://kicksmania.ru/product/yeezy-500-taupe-light/
Nike SB Dunk Low What The Paul,NO,63945,40.5,https://kicksmania.ru/wp-content/uploads/2021/06/nike-sb-dunk-low-what-the-paul-768x461.jpg,https://kicksmania.ru/product/nike-sb-dunk-low-what-the-paul/
Nike Dunk Low Kentucky,NO,39900 - 42630,"38, 39, 41, 42, 45, 46",https://kicksmania.ru/wp-content/uploads/2021/04/dunk-low-kentucky-768x461.jpg,https://kicksmania.ru/product/nike-dunk-low-kentucky/
Nike SB Dunk Low Gulf,NO,62900 - 71900,"41, 43",https://kicksmania.ru/wp-content/uploads/2021/04/nike-sb-dunk-low-pro-gulf-768x461.png,https://kicksmania.ru/product/nike-sb-dunk-low-gulf/
Air Jordan 1 Mid Fleece Pearl,NO,25900,"37.5, 38, 38.5, 39, 40",https://kicksmania.ru/wp-content/uploads/2022/02/jordan-1-mid-fleece-pearl-white-768x461.jpg,https://kicksmania.ru/product/air-jordan-1-mid-fleece-pearl-white/
Air Jordan 4 Retro White Oreo,NO,99500,"35.5, 36, 36.5, 37.5, 38, 38.5, 39, 40, 40.5, 41, 42, 42.5, 43, 44, 44.5, 45, 45.5, 46, 47, 47.5, 48, 48.5, 49, 49.5",https://kicksmania.ru/wp-content/uploads/2021/07/jordan-4-retro-white-oreo-768x461.jpg,https://kicksmania.ru/product/air-jordan-4-retro-white-oreo/
Yeezy Slide Core,NO,38115,"39, 42, 44.5",https://kicksmania.ru/wp-content/uploads/2021/04/yeezy-slide-core--768x461.png,https://kicksmania.ru/product/yeezy-slide-core/
Yeezy 500 Utility Black,NO,58170,39,https://kicksmania.ru/wp-content/uploads/2021/04/yeezy-500-utility-black-768x461.png,https://kicksmania.ru/product/yeezy-500-utility-black/
Air Jordan 4 Retro University Blue,NO,86500 - 91200,"35.5, 36, 36.5, 37.5, 38, 38.5, 39, 40, 40.5, 41, 42, 42.5, 43, 44, 44.5, 45, 45.5, 46, 47, 47.5, 48.5",https://kicksmania.ru/wp-content/uploads/2021/07/jordan-4-unc-768x461.jpg,https://kicksmania.ru/product/air-jordan-4-retro-university-blue/
Yeezy Boost 350 v2 Sand Taupe,NO,39900,"36, 37.5",https://kicksmania.ru/wp-content/uploads/2021/04/yeezy-boost-350-v2-sand-taupe-768x461.jpg,https://kicksmania.ru/product/yeezy-boost-350-v2-sand-taupe/
Yeezy 700 V2 Cream,NO,59500,"37.5, 38.5",https://kicksmania.ru/wp-content/uploads/2021/06/adidas-yeezy-700-cream-768x461.jpg,https://kicksmania.ru/product/yeezy-700-v2-cream/
Air Jordan 1 Mid Arctic Pink,NO,35910,"36, 36.5, 37.5, 40",https://kicksmania.ru/wp-content/uploads/2021/04/arctic-pink-730x438.jpg,https://kicksmania.ru/product/air-jordan-1-mid-arctic-pink/
Air Jordan 1 Low Court Purple,NO,47145,44.5,https://kicksmania.ru/wp-content/uploads/2021/04/jordan-1-low-court-purple-white-768x461.png,https://kicksmania.ru/product/air-jordan-1-low-court-purple/
Adidas Campus 00’S Bliss Lilac Purple,NO,27900 - 34900,"36, 36.5, 37.5, 38, 38.5, 39, 40, 40.5, 41, 42, 42.5, 43, 44, 44.5, 45, 46, 46.5, 47, 48, 48.5",https://kicksmania.ru/wp-content/uploads/2023/06/c-main-730x438.jpg,https://kicksmania.ru/product/adidas-campus-00s-bliss-lilac-purple/
Adidas Campus 00’S Green,NO,30900,"38, 38.5, 39, 40, 40.5",https://kicksmania.ru/wp-content/uploads/2023/06/cg-main-730x438.jpg,https://kicksmania.ru/product/adidas-campus-00s-green/
Adidas Campus 00’S Grey White,NO,29200 - 30900,"36, 36.5, 37.5, 38, 38.5, 39, 40, 40.5, 41, 42, 42.5, 43, 44, 44.5, 45, 46, 46.5, 47, 48, 48.5",https://kicksmania.ru/wp-content/uploads/2023/06/grey-main-730x438.jpg,https://kicksmania.ru/product/adidas-campus-00s-grey-white/
Adidas Campus 00s Aluminum Core Black,NO,28300,"36, 36 2/3, 37 1/3, 38, 38 2/3, 39 1/3, 40, 40 2/3, 41 1/3, 42, 42 2/3, 43 1/3, 44, 44 2/3, 45 1/3, 46, 46 2/3",https://kicksmania.ru/wp-content/uploads/2023/07/alumc-main-730x438.jpg,https://kicksmania.ru/product/adidas-campus-00s-aluminum-core-black/
Adidas Campus 00s Amber Tint,NO,29900,38,https://kicksmania.ru/wp-content/uploads/2023/07/orng-main-730x438.jpg,https://kicksmania.ru/product/adidas-campus-00s-amber-tint/
Adidas Campus 00s Ambient Sky,NO,31900,"38, 38.5, 40, 40.5",https://kicksmania.ru/wp-content/uploads/2023/06/main-730x438.png,https://kicksmania.ru/product/adidas-campus-00s-ambient-sky-blue/
Adidas Campus 00s Carbon Black,NO,32900,"36, 36 2/3, 37 1/3, 38, 38 2/3, 39 1/3, 40, 40 2/3, 41 1/3, 42, 42 2/3, 43 1/3, 44, 44 2/3, 45 1/3, 46, 46 2/3, 47 1/3, 48, 49 1/3, 50 2/3",https://kicksmania.ru/wp-content/uploads/2023/07/core-b-main-730x438.jpg,https://kicksmania.ru/product/adidas-campus-00s-carbon-black/
Adidas Campus 00s Core Black,NO,32900,"36, 36 2/3, 37 1/3, 38, 38 2/3, 39 1/3, 40, 40 2/3, 41 1/3, 42, 42 2/3, 43 1/3, 44, 44 2/3, 45 1/3, 46, 46 2/3, 47 1/3, 48, 49 1/3, 50 2/3",https://kicksmania.ru/wp-content/uploads/2023/07/cwb-main-730x438.jpg,https://kicksmania.ru/product/adidas-campus-00s-core-black/
Adidas Campus 00s Core Black Almost Pink,NO,30300,38,https://kicksmania.ru/wp-content/uploads/2023/07/blackc-main-730x438.jpg,https://kicksmania.ru/product/adidas-campus-00s-core-black-almost-pink/
Adidas Campus 00s Crystal White Core Black,NO,29900,"35.5, 36, 36.5, 37.5, 38, 38.5, 39, 40, 40.5, 41, 42, 42.5, 43, 44, 44.5",https://kicksmania.ru/wp-content/uploads/2023/07/greyb-main-730x438.jpg,https://kicksmania.ru/product/adidas-campus-00s-crystal-white-core-black/
Adidas Campus 00s Crystal White Preloved Blue,NO,29900,"35.5, 36, 36.5, 37.5, 38, 38.5, 39, 40, 40.5, 41, 42, 42.5, 43, 44, 44.5",https://kicksmania.ru/wp-content/uploads/2023/07/campus-main-730x438.jpg,https://kicksmania.ru/product/adidas-campus-00s-crystal-white-preloved-blue/
Adidas Campus 00s Dark Green Semi Lucid Blue,NO,27900,"36, 36 2/3, 37 1/3, 38, 38 2/3, 39 1/3, 40, 40 2/3, 41 1/3, 42, 42 2/3, 43 1/3, 44, 44 2/3, 45 1/3, 46, 46 2/3, 47 1/3, 48, 49 1/3, 50 2/3",https://kicksmania.ru/wp-content/uploads/2023/07/gb-main-730x438.jpg,https://kicksmania.ru/product/adidas-campus-00s-dark-green-semi-lucid-blue/
Adidas Campus 00s Dust Cargo Clear Pink,NO,29300,"37 1/3, 38, 38 2/3, 39 1/3, 40",https://kicksmania.ru/wp-content/uploads/2023/07/cmps-main-730x438.jpg,https://kicksmania.ru/product/adidas-campus-00s-dust-cargo-clear-pink/
Adidas Campus 00s Pink Strata,NO,31900,"35, 36",https://kicksmania.ru/wp-content/uploads/2023/07/pink-strata-main-730x438.jpg,https://kicksmania.ru/product/adidas-campus-00s-pink-strata/
Adidas Originals Gazelle Bold Pink,NO,27900,"37.5, 38, 38.5, 39",https://kicksmania.ru/wp-content/uploads/2023/10/boldpinkmain-730x438.png,https://kicksmania.ru/product/adidas-originals-gazelle-bold-pink/
Adidas Campus 00s Grey,NO,31400,"36, 36 2/3, 37 1/3, 38, 38 2/3, 39 1/3, 40, 40 2/3, 41 1/3, 42, 42 2/3, 43 1/3",https://kicksmania.ru/wp-content/uploads/2023/07/greyc-main-730x438.jpg,https://kicksmania.ru/product/adidas-campus-00s-grey/
Adidas Campus 00s Velvet Purple,NO,27900,"36, 36 2/3, 37 1/3, 38, 38 2/3, 39 1/3, 40, 40 2/3, 41 1/3, 42, 42 2/3, 43 1/3, 44, 44 2/3, 45 1/3, 46, 46 2/3, 47 1/3, 48, 49 1/3, 50 2/3",https://kicksmania.ru/wp-content/uploads/2023/07/prpl-main-730x438.jpg,https://kicksmania.ru/product/adidas-campus-00s-velvet-purple/
Adidas Campus 80s South Park Towelie,NO,47145 - 51240,"36, 36.5, 37.5, 38, 38.5, 39, 40, 40.5, 41, 42, 42.5, 43, 44, 44.5, 45, 46, 46.5, 47, 48, 48.5",https://kicksmania.ru/wp-content/uploads/2021/05/adidas-campus-80s-south-park-towelie-768x461.jpg,https://kicksmania.ru/product/adidas-campus-80s-south-park-towelie/
Off-White x Nike Air Force 1 Low Black White,NO,167900,38.5,https://kicksmania.ru/wp-content/uploads/2021/07/nike-air-force-1-low-off-white-black-white-768x461.jpg,https://kicksmania.ru/product/nike-air-force-1-low-off-white-black-white/
Supreme x Nike Dunk SB Low Stars Hyper,NO,117900,44,https://kicksmania.ru/wp-content/uploads/2021/05/dunk-supreme-20211-768x461.jpg,https://kicksmania.ru/product/supreme-x-nike-dunk-sb-low-stars-hyper/
Yeezy Boost 350 v2 Cream/Triple White,NO,72900 - 100900,"40, 42",https://kicksmania.ru/wp-content/uploads/2021/04/yeezy-350-v2-cream-white-768x461.png,https://kicksmania.ru/product/yeezy-boost-350-v2-cream-white/
Nike Dunk Low Plum,NO,69615 - 72000,"42.5, 45",https://kicksmania.ru/wp-content/uploads/2021/06/nike-sb-dunk-plum-768x461.jpg,https://kicksmania.ru/product/nike-dunk-low-plum/
Air Jordan 1 Low University Blue,NO,24900,"41, 42, 42.5, 43, 44.5, 45",https://kicksmania.ru/wp-content/uploads/2023/11/unibluemain-730x438.png,https://kicksmania.ru/product/air-jordan-1-low-university-blue/
Air Jordan 1 Low World Make Japan,NO,31900,"40, 41, 42, 43, 44, 44.5, 45.5, 46",https://kicksmania.ru/wp-content/uploads/2023/11/japanmain-730x438.png,https://kicksmania.ru/product/air-jordan-1-low-world-make-japan/
Nike Dunk Low Industrial Blue Sashiko,NO,32900,"39, 40.5, 42, 42.5, 43, 44",https://kicksmania.ru/wp-content/uploads/2023/10/dunkmain-730x438.png,https://kicksmania.ru/product/nike-dunk-low-industrial-blue-sashiko/
Yeezy Foam RNNR Mineral Blue,NO,39270,"37, 39",https://kicksmania.ru/wp-content/uploads/2021/06/yeezy-foam-rnnr-mineral-blue-768x461.jpg,https://kicksmania.ru/product/yeezy-foam-rnnr-mineral-blue/
Yeezy Foam RNNR Ochre,NO,45255 - 67935,"37, 38, 39, 40.5, 42, 43, 44.5, 46, 47, 48.5, 50, 51",https://kicksmania.ru/wp-content/uploads/2022/06/yeezy-foam-runner-ochre-768x461.jpg,https://kicksmania.ru/product/yeezy-foam-runner-ochre/
Yeezy Foam RNNR Sand Grey,NO,51765,"37, 38, 39, 40.5, 42, 43, 44.5, 46, 47, 48.5, 50, 51",https://kicksmania.ru/wp-content/uploads/2022/06/yeezy-foam-runner-sand-grey-768x461.jpg,https://kicksmania.ru/product/yeezy-foam-runner-sand-grey/
Off-White x Nike Dunk Rubber UNC,NO,83895 - 94395,"37.5, 44",https://kicksmania.ru/wp-content/uploads/2021/04/off-white-x-dunk-rubber-white-768x461.png,https://kicksmania.ru/product/off-white-x-nike-dunk-rubber-unc/
Supreme Bandana Box Logo Tee Light Pink,NO,41900,"S, M, L, XL",https://kicksmania.ru/wp-content/uploads/2021/08/supreme-bandana-box-logo-tee-light-pink-768x461.jpg,https://kicksmania.ru/product/supreme-bandana-box-logo-tee-light-pink/
Shrek x Crocs Shrocks Kids,NO,16900,"17-18, 18-19, 19-20, 20-21, 22-23, 23-24, 24-25, 25-26, 27-28, 28-29, 29-30, 30-31, 32-33, 33-34, 34-35, 36-37, 37-38, 38-39",https://kicksmania.ru/wp-content/uploads/2023/11/shrocksmain-730x438.png,https://kicksmania.ru/product/shrek-x-crocs-shrocks-kids/
Yeezy 500 Bone,NO,89775,42,https://kicksmania.ru/wp-content/uploads/2021/04/yeezy-500-bone-2-768x461.jpg,https://kicksmania.ru/product/yeezy-500-bone/
Yeezy Boost 350 v2 Salt,NO,54900,"36, 36.5, 37.5, 38, 38.5, 39, 40, 40.5, 41, 42, 42.5, 43, 44, 44.5, 45, 46, 46.5, 47, 48, 48.5, 49, 50, 50.5",https://kicksmania.ru/wp-content/uploads/2022/11/yeezy-350v2-salt-768x461.jpg,https://kicksmania.ru/product/yeezy-boost-350-v2-salt/
Nike Dunk High Strawberry,NO,54900 - 62900,"35.5, 36, 36.5, 37.5, 38, 38.5, 39, 40, 40.5, 41, 42, 42.5, 43, 44, 44.5, 45, 45.5, 46, 47.5, 48.5, 49.5",https://kicksmania.ru/wp-content/uploads/2022/09/nike-dunk-high-strawberry-768x461.jpg,https://kicksmania.ru/product/nike-dunk-high-strawberry/
Air Jordan 4 Retro Craft Photon Dust,NO,39900 - 47900,"35.5, 36, 36.5, 37.5, 38, 38.5, 39, 40, 40.5, 41, 42, 42.5, 43, 44, 44.5, 45, 45.5, 46, 47, 47.5, 48, 48.5, 49, 49.5",https://kicksmania.ru/wp-content/uploads/2023/03/4-main-730x438.jpg,https://kicksmania.ru/product/air-jordan-4-retro-craft-photon-dust/
KAWS Separated Brown,YES,109900 - 98910,None,https://kicksmania.ru/wp-content/uploads/2021/05/17-1-768x461.jpg,https://kicksmania.ru/product/kaws-separated-brown/
Yeezy Boost 700 v3 Clay Brown,NO,37900,"38, 40.5, 42.5",https://kicksmania.ru/wp-content/uploads/2021/04/yeezy-700-v3-clay-brown-768x461.png,https://kicksmania.ru/product/yeezy-boost-700-v3-clay-brown/
Cactus Jack by Travis Scott x Fragment Tiger Angry Zip Black,NO,39900,M,https://kicksmania.ru/wp-content/uploads/2022/10/cactus-jack-for-fragment-zip-hoodie-sunrise-768x461.jpg,https://kicksmania.ru/product/cactus-jack-for-fragment-zip-hoodie-sunrise/
